api_call_id,source_name,call_key,base_url,relative_url,landing_folder,landing_file,is_active
1,fx_rates_ecb,BRL,https://api.frankfurter.dev,/v1/2017-01-01..2018-10-31?base=BRL&symbols=USD,bronze/reference/fx,fx_brl_usd.json,True
2,fx_rates_ecb,ZAR,https://api.frankfurter.dev,/v1/2017-01-01..2018-10-31?base=ZAR&symbols=USD,bronze/reference/fx,fx_zar_usd.json,True
3,holidays_nager,BR-2017,https://date.nager.at,/api/v3/PublicHolidays/2017/BR,bronze/reference/holidays,holidays_br_2017.json,True
4,holidays_nager,BR-2018,https://date.nager.at,/api/v3/PublicHolidays/2018/BR,bronze/reference/holidays,holidays_br_2018.json,True
5,holidays_nager,ZA-2017,https://date.nager.at,/api/v3/PublicHolidays/2017/ZA,bronze/reference/holidays,holidays_za_2017.json,True
6,holidays_nager,ZA-2018,https://date.nager.at,/api/v3/PublicHolidays/2018/ZA,bronze/reference/holidays,holidays_za_2018.json,True
7,weather_openmeteo,BR-AC,https://archive-api.open-meteo.com,"/v1/archive?latitude=-9.9747&longitude=-67.81&start_date=2017-01-01&end_date=2018-10-31&daily=precipitation_sum,wind_speed_10m_max,temperature_2m_max&timezone=auto",bronze/reference/weather,weather_br_ac.json,True
8,weather_openmeteo,BR-AL,https://archive-api.open-meteo.com,"/v1/archive?latitude=-9.6658&longitude=-35.7353&start_date=2017-01-01&end_date=2018-10-31&daily=precipitation_sum,wind_speed_10m_max,temperature_2m_max&timezone=auto",bronze/reference/weather,weather_br_al.json,True
9,weather_openmeteo,BR-AP,https://archive-api.open-meteo.com,"/v1/archive?latitude=0.0389&longitude=-51.0664&start_date=2017-01-01&end_date=2018-10-31&daily=precipitation_sum,wind_speed_10m_max,temperature_2m_max&timezone=auto",bronze/reference/weather,weather_br_ap.json,True
10,weather_openmeteo,BR-AM,https://archive-api.open-meteo.com,"/v1/archive?latitude=-3.119&longitude=-60.0217&start_date=2017-01-01&end_date=2018-10-31&daily=precipitation_sum,wind_speed_10m_max,temperature_2m_max&timezone=auto",bronze/reference/weather,weather_br_am.json,True
11,weather_openmeteo,BR-BA,https://archive-api.open-meteo.com,"/v1/archive?latitude=-12.9777&longitude=-38.5016&start_date=2017-01-01&end_date=2018-10-31&daily=precipitation_sum,wind_speed_10m_max,temperature_2m_max&timezone=auto",bronze/reference/weather,weather_br_ba.json,True
12,weather_openmeteo,BR-CE,https://archive-api.open-meteo.com,"/v1/archive?latitude=-3.7319&longitude=-38.5267&start_date=2017-01-01&end_date=2018-10-31&daily=precipitation_sum,wind_speed_10m_max,temperature_2m_max&timezone=auto",bronze/reference/weather,weather_br_ce.json,True
13,weather_openmeteo,BR-DF,https://archive-api.open-meteo.com,"/v1/archive?latitude=-15.7939&longitude=-47.8828&start_date=2017-01-01&end_date=2018-10-31&daily=precipitation_sum,wind_speed_10m_max,temperature_2m_max&timezone=auto",bronze/reference/weather,weather_br_df.json,True
14,weather_openmeteo,BR-ES,https://archive-api.open-meteo.com,"/v1/archive?latitude=-20.3155&longitude=-40.3128&start_date=2017-01-01&end_date=2018-10-31&daily=precipitation_sum,wind_speed_10m_max,temperature_2m_max&timezone=auto",bronze/reference/weather,weather_br_es.json,True
15,weather_openmeteo,BR-GO,https://archive-api.open-meteo.com,"/v1/archive?latitude=-16.6869&longitude=-49.2648&start_date=2017-01-01&end_date=2018-10-31&daily=precipitation_sum,wind_speed_10m_max,temperature_2m_max&timezone=auto",bronze/reference/weather,weather_br_go.json,True
16,weather_openmeteo,BR-MA,https://archive-api.open-meteo.com,"/v1/archive?latitude=-2.5297&longitude=-44.3028&start_date=2017-01-01&end_date=2018-10-31&daily=precipitation_sum,wind_speed_10m_max,temperature_2m_max&timezone=auto",bronze/reference/weather,weather_br_ma.json,True
17,weather_openmeteo,BR-MT,https://archive-api.open-meteo.com,"/v1/archive?latitude=-15.6014&longitude=-56.0979&start_date=2017-01-01&end_date=2018-10-31&daily=precipitation_sum,wind_speed_10m_max,temperature_2m_max&timezone=auto",bronze/reference/weather,weather_br_mt.json,True
18,weather_openmeteo,BR-MS,https://archive-api.open-meteo.com,"/v1/archive?latitude=-20.4697&longitude=-54.6201&start_date=2017-01-01&end_date=2018-10-31&daily=precipitation_sum,wind_speed_10m_max,temperature_2m_max&timezone=auto",bronze/reference/weather,weather_br_ms.json,True
19,weather_openmeteo,BR-MG,https://archive-api.open-meteo.com,"/v1/archive?latitude=-19.9167&longitude=-43.9345&start_date=2017-01-01&end_date=2018-10-31&daily=precipitation_sum,wind_speed_10m_max,temperature_2m_max&timezone=auto",bronze/reference/weather,weather_br_mg.json,True
20,weather_openmeteo,BR-PA,https://archive-api.open-meteo.com,"/v1/archive?latitude=-1.4558&longitude=-48.5044&start_date=2017-01-01&end_date=2018-10-31&daily=precipitation_sum,wind_speed_10m_max,temperature_2m_max&timezone=auto",bronze/reference/weather,weather_br_pa.json,True
21,weather_openmeteo,BR-PB,https://archive-api.open-meteo.com,"/v1/archive?latitude=-7.1195&longitude=-34.845&start_date=2017-01-01&end_date=2018-10-31&daily=precipitation_sum,wind_speed_10m_max,temperature_2m_max&timezone=auto",bronze/reference/weather,weather_br_pb.json,True
22,weather_openmeteo,BR-PR,https://archive-api.open-meteo.com,"/v1/archive?latitude=-25.4284&longitude=-49.2733&start_date=2017-01-01&end_date=2018-10-31&daily=precipitation_sum,wind_speed_10m_max,temperature_2m_max&timezone=auto",bronze/reference/weather,weather_br_pr.json,True
23,weather_openmeteo,BR-PE,https://archive-api.open-meteo.com,"/v1/archive?latitude=-8.0476&longitude=-34.877&start_date=2017-01-01&end_date=2018-10-31&daily=precipitation_sum,wind_speed_10m_max,temperature_2m_max&timezone=auto",bronze/reference/weather,weather_br_pe.json,True
24,weather_openmeteo,BR-PI,https://archive-api.open-meteo.com,"/v1/archive?latitude=-5.0892&longitude=-42.8019&start_date=2017-01-01&end_date=2018-10-31&daily=precipitation_sum,wind_speed_10m_max,temperature_2m_max&timezone=auto",bronze/reference/weather,weather_br_pi.json,True
25,weather_openmeteo,BR-RJ,https://archive-api.open-meteo.com,"/v1/archive?latitude=-22.9068&longitude=-43.1729&start_date=2017-01-01&end_date=2018-10-31&daily=precipitation_sum,wind_speed_10m_max,temperature_2m_max&timezone=auto",bronze/reference/weather,weather_br_rj.json,True
26,weather_openmeteo,BR-RN,https://archive-api.open-meteo.com,"/v1/archive?latitude=-5.7945&longitude=-35.211&start_date=2017-01-01&end_date=2018-10-31&daily=precipitation_sum,wind_speed_10m_max,temperature_2m_max&timezone=auto",bronze/reference/weather,weather_br_rn.json,True
27,weather_openmeteo,BR-RS,https://archive-api.open-meteo.com,"/v1/archive?latitude=-30.0346&longitude=-51.2177&start_date=2017-01-01&end_date=2018-10-31&daily=precipitation_sum,wind_speed_10m_max,temperature_2m_max&timezone=auto",bronze/reference/weather,weather_br_rs.json,True
28,weather_openmeteo,BR-RO,https://archive-api.open-meteo.com,"/v1/archive?latitude=-8.7619&longitude=-63.9039&start_date=2017-01-01&end_date=2018-10-31&daily=precipitation_sum,wind_speed_10m_max,temperature_2m_max&timezone=auto",bronze/reference/weather,weather_br_ro.json,True
29,weather_openmeteo,BR-RR,https://archive-api.open-meteo.com,"/v1/archive?latitude=2.8235&longitude=-60.6758&start_date=2017-01-01&end_date=2018-10-31&daily=precipitation_sum,wind_speed_10m_max,temperature_2m_max&timezone=auto",bronze/reference/weather,weather_br_rr.json,True
30,weather_openmeteo,BR-SC,https://archive-api.open-meteo.com,"/v1/archive?latitude=-27.5954&longitude=-48.548&start_date=2017-01-01&end_date=2018-10-31&daily=precipitation_sum,wind_speed_10m_max,temperature_2m_max&timezone=auto",bronze/reference/weather,weather_br_sc.json,True
31,weather_openmeteo,BR-SP,https://archive-api.open-meteo.com,"/v1/archive?latitude=-23.5505&longitude=-46.6333&start_date=2017-01-01&end_date=2018-10-31&daily=precipitation_sum,wind_speed_10m_max,temperature_2m_max&timezone=auto",bronze/reference/weather,weather_br_sp.json,True
32,weather_openmeteo,BR-SE,https://archive-api.open-meteo.com,"/v1/archive?latitude=-10.9472&longitude=-37.0731&start_date=2017-01-01&end_date=2018-10-31&daily=precipitation_sum,wind_speed_10m_max,temperature_2m_max&timezone=auto",bronze/reference/weather,weather_br_se.json,True
33,weather_openmeteo,BR-TO,https://archive-api.open-meteo.com,"/v1/archive?latitude=-10.1689&longitude=-48.3317&start_date=2017-01-01&end_date=2018-10-31&daily=precipitation_sum,wind_speed_10m_max,temperature_2m_max&timezone=auto",bronze/reference/weather,weather_br_to.json,True
34,weather_openmeteo,ZA-GP,https://archive-api.open-meteo.com,"/v1/archive?latitude=-26.2041&longitude=28.0473&start_date=2017-01-01&end_date=2018-10-31&daily=precipitation_sum,wind_speed_10m_max,temperature_2m_max&timezone=auto",bronze/reference/weather,weather_za_gp.json,True
35,weather_openmeteo,ZA-WC,https://archive-api.open-meteo.com,"/v1/archive?latitude=-33.9249&longitude=18.4241&start_date=2017-01-01&end_date=2018-10-31&daily=precipitation_sum,wind_speed_10m_max,temperature_2m_max&timezone=auto",bronze/reference/weather,weather_za_wc.json,True
36,weather_openmeteo,ZA-KZN,https://archive-api.open-meteo.com,"/v1/archive?latitude=-29.8587&longitude=31.0218&start_date=2017-01-01&end_date=2018-10-31&daily=precipitation_sum,wind_speed_10m_max,temperature_2m_max&timezone=auto",bronze/reference/weather,weather_za_kzn.json,True
37,weather_openmeteo,ZA-EC,https://archive-api.open-meteo.com,"/v1/archive?latitude=-33.9608&longitude=25.6022&start_date=2017-01-01&end_date=2018-10-31&daily=precipitation_sum,wind_speed_10m_max,temperature_2m_max&timezone=auto",bronze/reference/weather,weather_za_ec.json,True
38,weather_openmeteo,ZA-FS,https://archive-api.open-meteo.com,"/v1/archive?latitude=-29.0852&longitude=26.1596&start_date=2017-01-01&end_date=2018-10-31&daily=precipitation_sum,wind_speed_10m_max,temperature_2m_max&timezone=auto",bronze/reference/weather,weather_za_fs.json,True
39,weather_openmeteo,ZA-LP,https://archive-api.open-meteo.com,"/v1/archive?latitude=-23.9045&longitude=29.4689&start_date=2017-01-01&end_date=2018-10-31&daily=precipitation_sum,wind_speed_10m_max,temperature_2m_max&timezone=auto",bronze/reference/weather,weather_za_lp.json,True
40,weather_openmeteo,ZA-MP,https://archive-api.open-meteo.com,"/v1/archive?latitude=-25.4753&longitude=30.9694&start_date=2017-01-01&end_date=2018-10-31&daily=precipitation_sum,wind_speed_10m_max,temperature_2m_max&timezone=auto",bronze/reference/weather,weather_za_mp.json,True
41,weather_openmeteo,ZA-NW,https://archive-api.open-meteo.com,"/v1/archive?latitude=-25.856&longitude=25.6403&start_date=2017-01-01&end_date=2018-10-31&daily=precipitation_sum,wind_speed_10m_max,temperature_2m_max&timezone=auto",bronze/reference/weather,weather_za_nw.json,True
42,weather_openmeteo,ZA-NC,https://archive-api.open-meteo.com,"/v1/archive?latitude=-28.7282&longitude=24.7499&start_date=2017-01-01&end_date=2018-10-31&daily=precipitation_sum,wind_speed_10m_max,temperature_2m_max&timezone=auto",bronze/reference/weather,weather_za_nc.json,True
