source_name,source_group,load_type,adf_pipeline_name,status,window_start,window_end,files_read,started_at,ended_at,duration_sec,error_message
olist_orders,olist,FULL,pl_ingest_files,SUCCEEDED,,2026-09-06T10:04:48.2935656,1.0,2026-09-06T10:04:48.0000000,2026-09-06T10:05:27.0000000,39,
olist_order_items,olist,FULL,pl_ingest_files,SUCCEEDED,,2026-09-06T10:05:47.0088857,1.0,2026-09-06T10:05:47.0000000,2026-09-06T10:06:16.0000000,29,
olist_customers,olist,FULL,pl_ingest_files,SUCCEEDED,,2026-09-06T10:06:30.7474329,1.0,2026-09-06T10:06:31.0000000,2026-09-06T10:07:00.0000000,29,
olist_products,olist,FULL,pl_ingest_files,SUCCEEDED,,2026-09-06T10:07:22.7341891,1.0,2026-09-06T10:07:23.0000000,2026-09-06T10:07:54.0000000,31,
olist_sellers,olist,FULL,pl_ingest_files,SUCCEEDED,,2026-09-06T10:08:23.6972305,1.0,2026-09-06T10:08:24.0000000,2026-09-06T10:08:55.0000000,31,
olist_order_payments,olist,FULL,pl_ingest_files,SUCCEEDED,,2026-09-06T10:09:07.5884269,1.0,2026-09-06T10:09:08.0000000,2026-09-06T10:09:39.0000000,31,
olist_order_reviews,olist,FULL,pl_ingest_files,SUCCEEDED,,2026-09-06T10:09:59.5675609,1.0,2026-09-06T10:10:00.0000000,2026-09-06T10:10:33.0000000,33,
olist_geolocation,olist,FULL,pl_ingest_files,SUCCEEDED,,2026-09-06T10:10:49.1738232,1.0,2026-09-06T10:10:49.0000000,2026-09-06T10:11:18.0000000,29,
olist_category_xlat,olist,FULL,pl_ingest_files,SUCCEEDED,,2026-09-06T10:11:26.7434516,1.0,2026-09-06T10:11:27.0000000,2026-09-06T10:11:54.0000000,27,
br_merchant_snapshot,merchant_master,SNAPSHOT,pl_ingest_files,SUCCEEDED,,2026-09-06T10:12:03.0797980,22.0,2026-09-06T10:12:03.0000000,2026-09-06T10:12:33.0000000,30,
za_vendor_snapshot,merchant_master,SNAPSHOT,pl_ingest_files,SUCCEEDED,,2026-09-06T10:12:43.5217197,22.0,2026-09-06T10:12:44.0000000,2026-09-06T10:13:16.0000000,32,
za_orders,za_platform,INCREMENTAL,pl_ingest_files,SUCCEEDED,,2026-09-06T10:13:38.0696030,22.0,2026-09-06T10:13:38.0000000,2026-09-06T10:14:09.0000000,31,
za_order_lines,za_platform,INCREMENTAL,pl_ingest_files,SUCCEEDED,,2026-09-06T10:14:31.6427120,22.0,2026-09-06T10:14:32.0000000,2026-09-06T10:15:00.0000000,28,
za_customers,za_platform,INCREMENTAL,pl_ingest_files,SUCCEEDED,,2026-09-06T10:15:30.7284615,22.0,2026-09-06T10:15:31.0000000,2026-09-06T10:16:04.0000000,33,
za_refunds,za_platform,INCREMENTAL,pl_ingest_files,SUCCEEDED,,2026-09-06T10:16:29.8203164,94.0,2026-09-06T10:16:30.0000000,2026-09-06T10:17:05.0000000,35,
olist_orders,olist,FULL,pl_ingest_files,SUCCEEDED,2026-09-06T10:04:48.2935656,2026-09-06T10:28:04.6862447,1.0,2026-09-06T10:28:05.0000000,2026-09-06T10:28:48.0000000,43,
olist_order_items,olist,FULL,pl_ingest_files,SUCCEEDED,2026-09-06T10:05:47.0088857,2026-09-06T10:29:02.6344442,1.0,2026-09-06T10:29:03.0000000,2026-09-06T10:29:28.0000000,25,
olist_customers,olist,FULL,pl_ingest_files,SUCCEEDED,2026-09-06T10:06:30.7474329,2026-09-06T10:29:38.7310082,1.0,2026-09-06T10:29:39.0000000,2026-09-06T10:30:07.0000000,28,
olist_products,olist,FULL,pl_ingest_files,SUCCEEDED,2026-09-06T10:07:22.7341891,2026-09-06T10:30:31.4671927,1.0,2026-09-06T10:30:31.0000000,2026-09-06T10:31:05.0000000,34,
olist_sellers,olist,FULL,pl_ingest_files,SUCCEEDED,2026-09-06T10:08:23.6972305,2026-09-06T10:31:28.6683134,1.0,2026-09-06T10:31:29.0000000,2026-09-06T10:31:57.0000000,28,
olist_order_payments,olist,FULL,pl_ingest_files,SUCCEEDED,2026-09-06T10:09:07.5884269,2026-09-06T10:32:11.3675969,1.0,2026-09-06T10:32:11.0000000,2026-09-06T10:32:42.0000000,31,
olist_order_reviews,olist,FULL,pl_ingest_files,SUCCEEDED,2026-09-06T10:09:59.5675609,2026-09-06T10:33:00.2619862,1.0,2026-09-06T10:33:00.0000000,2026-09-06T10:33:32.0000000,32,
olist_geolocation,olist,FULL,pl_ingest_files,SUCCEEDED,2026-09-06T10:10:49.1738232,2026-09-06T10:33:53.9396239,1.0,2026-09-06T10:33:54.0000000,2026-09-06T10:34:25.0000000,31,
olist_category_xlat,olist,FULL,pl_ingest_files,SUCCEEDED,2026-09-06T10:11:26.7434516,2026-09-06T10:34:40.4532287,1.0,2026-09-06T10:34:40.0000000,2026-09-06T10:35:07.0000000,27,
br_merchant_snapshot,merchant_master,SNAPSHOT,pl_ingest_files,SUCCEEDED,2026-09-06T10:12:03.0797980,2026-09-06T10:35:18.0120740,22.0,2026-09-06T10:35:18.0000000,2026-09-06T10:35:54.0000000,36,
za_vendor_snapshot,merchant_master,SNAPSHOT,pl_ingest_files,SUCCEEDED,2026-09-06T10:12:43.5217197,2026-09-06T10:36:10.2278796,22.0,2026-09-06T10:36:10.0000000,2026-09-06T10:36:35.0000000,25,
za_orders,za_platform,INCREMENTAL,pl_ingest_files,SUCCEEDED,2026-09-06T10:13:38.0696030,2026-09-06T10:36:48.2882115,22.0,2026-09-06T10:36:48.0000000,2026-09-06T10:37:16.0000000,28,
za_order_lines,za_platform,INCREMENTAL,pl_ingest_files,SUCCEEDED,2026-09-06T10:14:31.6427120,2026-09-06T10:37:28.7828642,22.0,2026-09-06T10:37:29.0000000,2026-09-06T10:37:55.0000000,26,
za_customers,za_platform,INCREMENTAL,pl_ingest_files,SUCCEEDED,2026-09-06T10:15:30.7284615,2026-09-06T10:38:11.2094153,22.0,2026-09-06T10:38:11.0000000,2026-09-06T10:38:41.0000000,30,
za_refunds,za_platform,INCREMENTAL,pl_ingest_files,SUCCEEDED,2026-09-06T10:16:29.8203164,2026-09-06T10:38:51.0061676,94.0,2026-09-06T10:38:51.0000000,2026-09-06T10:39:17.0000000,26,
olist_orders,olist,FULL,pl_ingest_files,SUCCEEDED,2026-09-06T10:28:04.6862447,2026-09-06T10:50:42.0007613,1.0,2026-09-06T10:50:42.0000000,2026-09-06T10:51:20.0000000,38,
olist_order_items,olist,FULL,pl_ingest_files,SUCCEEDED,2026-09-06T10:29:02.6344442,2026-09-06T10:51:41.9593391,1.0,2026-09-06T10:51:42.0000000,2026-09-06T10:52:11.0000000,29,
olist_customers,olist,FULL,pl_ingest_files,SUCCEEDED,2026-09-06T10:29:38.7310082,2026-09-06T10:52:21.3543029,1.0,2026-09-06T10:52:21.0000000,2026-09-06T10:52:48.0000000,27,
olist_products,olist,FULL,pl_ingest_files,FAILED,2026-09-06T10:30:31.4671927,2026-09-06T10:52:59.0917086,,2026-09-06T10:52:59.0000000,2026-09-06T10:53:26.0000000,27,"ErrorCode=UserErrorFileNotFound,'Type=Microsoft.DataTransfer.Common.Shared.HybridDeliveryException,Message=ADLS Gen2 operation failed for: Operation returned an invalid status code 'NotFound'. Account: 'stconfluencesa'. FileSystem: 'source'. Path: 'data/raw/nonexistent/olist_products_dataset.csv'. ErrorCode: 'PathNotFound'. Message: 'The specified path does not exist.'. RequestId: '8689a2d1-001f-00cb-43ed-3d1346000000'. TimeStamp: 'Sun, 06 Sep 2026 10:53:17 GMT'.,Source=Microsoft.DataTransfer.ClientLibrary,''Type=Microsoft.Azure.Storage.Data.Models.ErrorSchemaException,Message=Operation returned an invalid status code 'NotFound',Source=Microsoft.DataTransfer.ClientLibrary,'"
olist_sellers,olist,FULL,pl_ingest_files,SUCCEEDED,2026-09-06T10:31:28.6683134,2026-09-06T10:53:39.8176273,1.0,2026-09-06T10:53:40.0000000,2026-09-06T10:54:10.0000000,30,
olist_order_payments,olist,FULL,pl_ingest_files,SUCCEEDED,2026-09-06T10:32:11.3675969,2026-09-06T10:54:22.7578858,1.0,2026-09-06T10:54:23.0000000,2026-09-06T10:54:47.0000000,24,
olist_order_reviews,olist,FULL,pl_ingest_files,SUCCEEDED,2026-09-06T10:33:00.2619862,2026-09-06T10:55:00.3841770,1.0,2026-09-06T10:55:00.0000000,2026-09-06T10:55:26.0000000,26,
olist_geolocation,olist,FULL,pl_ingest_files,SUCCEEDED,2026-09-06T10:33:53.9396239,2026-09-06T10:55:35.4146164,1.0,2026-09-06T10:55:35.0000000,2026-09-06T10:56:06.0000000,31,
olist_category_xlat,olist,FULL,pl_ingest_files,SUCCEEDED,2026-09-06T10:34:40.4532287,2026-09-06T10:56:26.1690112,1.0,2026-09-06T10:56:26.0000000,2026-09-06T10:56:54.0000000,28,
br_merchant_snapshot,merchant_master,SNAPSHOT,pl_ingest_files,SUCCEEDED,2026-09-06T10:35:18.0120740,2026-09-06T10:57:10.2463963,22.0,2026-09-06T10:57:10.0000000,2026-09-06T10:57:37.0000000,27,
za_vendor_snapshot,merchant_master,SNAPSHOT,pl_ingest_files,SUCCEEDED,2026-09-06T10:36:10.2278796,2026-09-06T10:57:56.7505785,22.0,2026-09-06T10:57:57.0000000,2026-09-06T10:58:22.0000000,25,
za_orders,za_platform,INCREMENTAL,pl_ingest_files,SUCCEEDED,2026-09-06T10:36:48.2882115,2026-09-06T10:58:31.6732404,22.0,2026-09-06T10:58:32.0000000,2026-09-06T10:58:57.0000000,25,
za_order_lines,za_platform,INCREMENTAL,pl_ingest_files,SUCCEEDED,2026-09-06T10:37:28.7828642,2026-09-06T10:59:19.0134179,22.0,2026-09-06T10:59:19.0000000,2026-09-06T10:59:45.0000000,26,
za_customers,za_platform,INCREMENTAL,pl_ingest_files,SUCCEEDED,2026-09-06T10:38:11.2094153,2026-09-06T10:59:55.2860245,22.0,2026-09-06T10:59:55.0000000,2026-09-06T11:00:49.0000000,54,
za_refunds,za_platform,INCREMENTAL,pl_ingest_files,SUCCEEDED,2026-09-06T10:38:51.0061676,2026-09-06T11:01:25.4890488,94.0,2026-09-06T11:01:25.0000000,2026-09-06T11:02:08.0000000,43,
olist_orders,olist,FULL,pl_ingest_files,SUCCEEDED,2026-09-06T10:50:42.0007613,2026-09-06T11:07:13.4056572,1.0,2026-09-06T11:07:13.0000000,2026-09-06T11:07:50.0000000,37,
olist_order_items,olist,FULL,pl_ingest_files,SUCCEEDED,2026-09-06T10:51:41.9593391,2026-09-06T11:08:10.4755098,1.0,2026-09-06T11:08:10.0000000,2026-09-06T11:08:36.0000000,26,
olist_customers,olist,FULL,pl_ingest_files,SUCCEEDED,2026-09-06T10:52:21.3543029,2026-09-06T11:08:45.1647402,1.0,2026-09-06T11:08:45.0000000,2026-09-06T11:09:14.0000000,29,
olist_products,olist,FULL,pl_ingest_files,SUCCEEDED,2026-09-06T10:30:31.4671927,2026-09-06T11:09:28.1187734,1.0,2026-09-06T11:09:28.0000000,2026-09-06T11:09:58.0000000,30,
olist_sellers,olist,FULL,pl_ingest_files,SUCCEEDED,2026-09-06T10:53:39.8176273,2026-09-06T11:10:21.2350605,1.0,2026-09-06T11:10:21.0000000,2026-09-06T11:10:54.0000000,33,
olist_order_payments,olist,FULL,pl_ingest_files,SUCCEEDED,2026-09-06T10:54:22.7578858,2026-09-06T11:11:18.8877972,1.0,2026-09-06T11:11:19.0000000,2026-09-06T11:11:49.0000000,30,
olist_order_reviews,olist,FULL,pl_ingest_files,SUCCEEDED,2026-09-06T10:55:00.3841770,2026-09-06T11:12:07.8996399,1.0,2026-09-06T11:12:08.0000000,2026-09-06T11:12:37.0000000,29,
olist_geolocation,olist,FULL,pl_ingest_files,SUCCEEDED,2026-09-06T10:55:35.4146164,2026-09-06T11:12:52.9380809,1.0,2026-09-06T11:12:53.0000000,2026-09-06T11:13:21.0000000,28,
olist_category_xlat,olist,FULL,pl_ingest_files,SUCCEEDED,2026-09-06T10:56:26.1690112,2026-09-06T11:13:40.8352016,1.0,2026-09-06T11:13:41.0000000,2026-09-06T11:14:08.0000000,27,
br_merchant_snapshot,merchant_master,SNAPSHOT,pl_ingest_files,SUCCEEDED,2026-09-06T10:57:10.2463963,2026-09-06T11:14:17.6435154,22.0,2026-09-06T11:14:18.0000000,2026-09-06T11:14:51.0000000,33,
za_vendor_snapshot,merchant_master,SNAPSHOT,pl_ingest_files,SUCCEEDED,2026-09-06T10:57:56.7505785,2026-09-06T11:15:33.0258757,22.0,2026-09-06T11:15:33.0000000,2026-09-06T11:16:06.0000000,33,
za_orders,za_platform,INCREMENTAL,pl_ingest_files,SUCCEEDED,2026-09-06T10:58:31.6732404,2026-09-06T11:16:31.8196974,22.0,2026-09-06T11:16:32.0000000,2026-09-06T11:17:01.0000000,29,
za_order_lines,za_platform,INCREMENTAL,pl_ingest_files,SUCCEEDED,2026-09-06T10:59:19.0134179,2026-09-06T11:17:21.9793490,22.0,2026-09-06T11:17:22.0000000,2026-09-06T11:17:49.0000000,27,
za_customers,za_platform,INCREMENTAL,pl_ingest_files,SUCCEEDED,2026-09-06T10:59:55.2860245,2026-09-06T11:18:01.7210772,22.0,2026-09-06T11:18:02.0000000,2026-09-06T11:18:27.0000000,25,
za_refunds,za_platform,INCREMENTAL,pl_ingest_files,SUCCEEDED,2026-09-06T11:01:25.4890488,2026-09-06T11:18:38.1072136,94.0,2026-09-06T11:18:38.0000000,2026-09-06T11:19:09.0000000,31,
olist_orders,olist,FULL,pl_ingest_files,SUCCEEDED,2026-09-06T11:07:13.4056572,2026-09-06T20:17:22.8712660,1.0,2026-09-06T20:17:23.0000000,2026-09-06T20:18:00.0000000,37,
olist_order_items,olist,FULL,pl_ingest_files,SUCCEEDED,2026-09-06T11:08:10.4755098,2026-09-06T20:18:16.3460505,1.0,2026-09-06T20:18:16.0000000,2026-09-06T20:18:42.0000000,26,
olist_customers,olist,FULL,pl_ingest_files,SUCCEEDED,2026-09-06T11:08:45.1647402,2026-09-06T20:19:21.2451650,1.0,2026-09-06T20:19:21.0000000,2026-09-06T20:19:50.0000000,29,
olist_products,olist,FULL,pl_ingest_files,SUCCEEDED,2026-09-06T11:09:28.1187734,2026-09-06T20:20:17.9301651,1.0,2026-09-06T20:20:18.0000000,2026-09-06T20:20:47.0000000,29,
olist_order_payments,olist,FULL,pl_ingest_files,SUCCEEDED,2026-09-06T11:11:18.8877972,2026-09-06T20:21:34.5349741,1.0,2026-09-06T20:21:35.0000000,2026-09-06T20:22:02.0000000,27,
olist_order_reviews,olist,FULL,pl_ingest_files,SUCCEEDED,2026-09-06T11:12:07.8996399,2026-09-06T20:22:20.8092075,1.0,2026-09-06T20:22:21.0000000,2026-09-06T20:22:44.0000000,23,
olist_geolocation,olist,FULL,pl_ingest_files,SUCCEEDED,2026-09-06T11:12:52.9380809,2026-09-06T20:22:57.8485962,1.0,2026-09-06T20:22:58.0000000,2026-09-06T20:23:27.0000000,29,
olist_category_xlat,olist,FULL,pl_ingest_files,SUCCEEDED,2026-09-06T11:13:40.8352016,2026-09-06T20:23:44.8523525,1.0,2026-09-06T20:23:45.0000000,2026-09-06T20:24:09.0000000,24,
br_merchant_snapshot,merchant_master,SNAPSHOT,pl_ingest_files,SUCCEEDED,2026-09-06T11:14:17.6435154,2026-09-06T20:24:21.7961736,22.0,2026-09-06T20:24:22.0000000,2026-09-06T20:24:46.0000000,24,
za_vendor_snapshot,merchant_master,SNAPSHOT,pl_ingest_files,SUCCEEDED,2026-09-06T11:15:33.0258757,2026-09-06T20:25:16.1466772,22.0,2026-09-06T20:25:16.0000000,2026-09-06T20:25:46.0000000,30,
za_orders,za_platform,INCREMENTAL,pl_ingest_files,SUCCEEDED,2026-09-06T11:16:31.8196974,2026-09-06T20:26:14.3510726,22.0,2026-09-06T20:26:14.0000000,2026-09-06T20:26:41.0000000,27,
za_order_lines,za_platform,INCREMENTAL,pl_ingest_files,SUCCEEDED,2026-09-06T11:17:21.9793490,2026-09-06T20:27:12.4510489,22.0,2026-09-06T20:27:12.0000000,2026-09-06T20:27:39.0000000,27,
za_customers,za_platform,INCREMENTAL,pl_ingest_files,SUCCEEDED,2026-09-06T11:18:01.7210772,2026-09-06T20:27:57.8712298,22.0,2026-09-06T20:27:58.0000000,2026-09-06T20:28:26.0000000,28,
za_refunds,za_platform,INCREMENTAL,pl_ingest_files,SUCCEEDED,2026-09-06T11:18:38.1072136,2026-09-06T20:28:43.6305194,94.0,2026-09-06T20:28:44.0000000,2026-09-06T20:29:09.0000000,25,
olist_orders,olist,FULL,pl_ingest_files,SUCCEEDED,2026-09-06T20:17:22.8712660,2026-09-06T20:30:36.9073878,1.0,2026-09-06T20:30:37.0000000,2026-09-06T20:31:13.0000000,36,
olist_order_items,olist,FULL,pl_ingest_files,SUCCEEDED,2026-09-06T20:18:16.3460505,2026-09-06T20:31:26.1674906,1.0,2026-09-06T20:31:26.0000000,2026-09-06T20:31:50.0000000,24,
olist_customers,olist,FULL,pl_ingest_files,SUCCEEDED,2026-09-06T20:19:21.2451650,2026-09-06T20:32:02.8330983,1.0,2026-09-06T20:32:03.0000000,2026-09-06T20:32:31.0000000,28,
olist_products,olist,FULL,pl_ingest_files,SUCCEEDED,2026-09-06T20:20:17.9301651,2026-09-06T20:32:41.6376017,1.0,2026-09-06T20:32:42.0000000,2026-09-06T20:33:06.0000000,24,
olist_sellers,olist,FULL,pl_ingest_files,FAILED,2026-09-06T11:10:21.2350605,2026-09-06T20:33:19.8592211,,2026-09-06T20:33:20.0000000,2026-09-06T20:33:45.0000000,25,"Quality gate failed: expected at least 999 files, got 1"
olist_order_payments,olist,FULL,pl_ingest_files,SUCCEEDED,2026-09-06T20:21:34.5349741,2026-09-06T20:34:05.0117337,1.0,2026-09-06T20:34:05.0000000,2026-09-06T20:34:32.0000000,27,
olist_order_reviews,olist,FULL,pl_ingest_files,SUCCEEDED,2026-09-06T20:22:20.8092075,2026-09-06T20:34:52.0358983,1.0,2026-09-06T20:34:52.0000000,2026-09-06T20:35:18.0000000,26,
olist_geolocation,olist,FULL,pl_ingest_files,SUCCEEDED,2026-09-06T20:22:57.8485962,2026-09-06T20:35:42.8200434,1.0,2026-09-06T20:35:43.0000000,2026-09-06T20:36:09.0000000,26,
olist_category_xlat,olist,FULL,pl_ingest_files,SUCCEEDED,2026-09-06T20:23:44.8523525,2026-09-06T20:36:26.1696398,1.0,2026-09-06T20:36:26.0000000,2026-09-06T20:36:52.0000000,26,
br_merchant_snapshot,merchant_master,SNAPSHOT,pl_ingest_files,SUCCEEDED,2026-09-06T20:24:21.7961736,2026-09-06T20:37:06.1341096,22.0,2026-09-06T20:37:06.0000000,2026-09-06T20:37:33.0000000,27,
za_vendor_snapshot,merchant_master,SNAPSHOT,pl_ingest_files,SUCCEEDED,2026-09-06T20:25:16.1466772,2026-09-06T20:38:00.2724125,22.0,2026-09-06T20:38:00.0000000,2026-09-06T20:38:31.0000000,31,
za_orders,za_platform,INCREMENTAL,pl_ingest_files,SUCCEEDED,2026-09-06T20:26:14.3510726,2026-09-06T20:38:43.2312919,22.0,2026-09-06T20:38:43.0000000,2026-09-06T20:39:10.0000000,27,
za_order_lines,za_platform,INCREMENTAL,pl_ingest_files,SUCCEEDED,2026-09-06T20:27:12.4510489,2026-09-06T20:39:23.8910704,22.0,2026-09-06T20:39:24.0000000,2026-09-06T20:39:56.0000000,32,
za_customers,za_platform,INCREMENTAL,pl_ingest_files,SUCCEEDED,2026-09-06T20:27:57.8712298,2026-09-06T20:40:26.2906996,22.0,2026-09-06T20:40:26.0000000,2026-09-06T20:40:57.0000000,31,
za_refunds,za_platform,INCREMENTAL,pl_ingest_files,SUCCEEDED,2026-09-06T20:28:43.6305194,2026-09-06T20:41:15.6556093,94.0,2026-09-06T20:41:16.0000000,2026-09-06T20:41:44.0000000,28,
olist_orders,olist,FULL,pl_ingest_files,SUCCEEDED,2026-09-06T20:30:36.9073878,2026-09-06T20:43:59.1070930,1.0,2026-09-06T20:43:59.0000000,2026-09-06T20:44:37.0000000,38,
olist_order_items,olist,FULL,pl_ingest_files,SUCCEEDED,2026-09-06T20:31:26.1674906,2026-09-06T20:45:00.9147896,1.0,2026-09-06T20:45:01.0000000,2026-09-06T20:45:33.0000000,32,
olist_customers,olist,FULL,pl_ingest_files,SUCCEEDED,2026-09-06T20:32:02.8330983,2026-09-06T20:45:56.9722131,1.0,2026-09-06T20:45:57.0000000,2026-09-06T20:46:26.0000000,29,
olist_products,olist,FULL,pl_ingest_files,FAILED,2026-09-06T20:32:41.6376017,2026-09-06T20:46:37.4001184,,2026-09-06T20:46:37.0000000,2026-09-06T20:47:04.0000000,27,"ErrorCode=UserErrorFileNotFound,'Type=Microsoft.DataTransfer.Common.Shared.HybridDeliveryException,Message=ADLS Gen2 operation failed for: Operation returned an invalid status code 'NotFound'. Account: 'stconfluencesa'. FileSystem: 'source'. Path: 'data/raw/nope/olist_products_dataset.csv'. ErrorCode: 'PathNotFound'. Message: 'The specified path does not exist.'. RequestId: '7862d06e-401f-004c-5d40-3e8023000000'. TimeStamp: 'Sun, 06 Sep 2026 20:46:55 GMT'.,Source=Microsoft.DataTransfer.ClientLibrary,''Type=Microsoft.Azure.Storage.Data.Models.ErrorSchemaException,Message=Operation returned an invalid status code 'NotFound',Source=Microsoft.DataTransfer.ClientLibrary,'"
olist_sellers,olist,FULL,pl_ingest_files,SUCCEEDED,2026-09-06T11:10:21.2350605,2026-09-06T20:47:13.6199582,1.0,2026-09-06T20:47:14.0000000,2026-09-06T20:47:37.0000000,23,
olist_order_payments,olist,FULL,pl_ingest_files,SUCCEEDED,2026-09-06T20:34:05.0117337,2026-09-06T20:47:50.1215902,1.0,2026-09-06T20:47:50.0000000,2026-09-06T20:48:16.0000000,26,
olist_order_reviews,olist,FULL,pl_ingest_files,SUCCEEDED,2026-09-06T20:34:52.0358983,2026-09-06T20:48:26.8753460,1.0,2026-09-06T20:48:27.0000000,2026-09-06T20:49:02.0000000,35,
olist_geolocation,olist,FULL,pl_ingest_files,SUCCEEDED,2026-09-06T20:35:42.8200434,2026-09-06T20:49:13.2407808,1.0,2026-09-06T20:49:13.0000000,2026-09-06T20:49:41.0000000,28,
olist_category_xlat,olist,FULL,pl_ingest_files,SUCCEEDED,2026-09-06T20:36:26.1696398,2026-09-06T20:49:56.7359610,1.0,2026-09-06T20:49:57.0000000,2026-09-06T20:50:26.0000000,29,
br_merchant_snapshot,merchant_master,SNAPSHOT,pl_ingest_files,SUCCEEDED,2026-09-06T20:37:06.1341096,2026-09-06T20:50:45.3120513,22.0,2026-09-06T20:50:45.0000000,2026-09-06T20:51:18.0000000,33,
za_vendor_snapshot,merchant_master,SNAPSHOT,pl_ingest_files,SUCCEEDED,2026-09-06T20:38:00.2724125,2026-09-06T20:51:40.1649251,22.0,2026-09-06T20:51:40.0000000,2026-09-06T20:52:05.0000000,25,
za_orders,za_platform,INCREMENTAL,pl_ingest_files,SUCCEEDED,2026-09-06T20:38:43.2312919,2026-09-06T20:52:23.7827792,22.0,2026-09-06T20:52:24.0000000,2026-09-06T20:52:52.0000000,28,
za_order_lines,za_platform,INCREMENTAL,pl_ingest_files,SUCCEEDED,2026-09-06T20:39:23.8910704,2026-09-06T20:53:05.3064232,22.0,2026-09-06T20:53:05.0000000,2026-09-06T20:53:31.0000000,26,
za_customers,za_platform,INCREMENTAL,pl_ingest_files,SUCCEEDED,2026-09-06T20:40:26.2906996,2026-09-06T20:53:56.9207239,22.0,2026-09-06T20:53:57.0000000,2026-09-06T20:54:24.0000000,27,
za_refunds,za_platform,INCREMENTAL,pl_ingest_files,SUCCEEDED,2026-09-06T20:41:15.6556093,2026-09-06T20:54:40.1748491,94.0,2026-09-06T20:54:40.0000000,2026-09-06T20:55:08.0000000,28,
olist_orders,olist,FULL,pl_ingest_files,SUCCEEDED,2026-09-06T20:43:59.1070930,2026-09-06T20:56:51.6196203,1.0,2026-09-06T20:56:52.0000000,2026-09-06T20:57:27.0000000,35,
olist_order_items,olist,FULL,pl_ingest_files,SUCCEEDED,2026-09-06T20:45:00.9147896,2026-09-06T20:57:38.4204043,1.0,2026-09-06T20:57:38.0000000,2026-09-06T20:58:08.0000000,30,
olist_customers,olist,FULL,pl_ingest_files,SUCCEEDED,2026-09-06T20:45:56.9722131,2026-09-06T20:58:20.0904418,1.0,2026-09-06T20:58:20.0000000,2026-09-06T20:58:44.0000000,24,
olist_products,olist,FULL,pl_ingest_files,SUCCEEDED,2026-09-06T20:32:41.6376017,2026-09-06T20:58:55.4437030,1.0,2026-09-06T20:58:55.0000000,2026-09-06T20:59:23.0000000,28,
olist_sellers,olist,FULL,pl_ingest_files,SUCCEEDED,2026-09-06T20:47:13.6199582,2026-09-06T20:59:50.5580433,1.0,2026-09-06T20:59:51.0000000,2026-09-06T21:00:25.0000000,34,
olist_order_payments,olist,FULL,pl_ingest_files,SUCCEEDED,2026-09-06T20:47:50.1215902,2026-09-06T21:01:04.2551050,1.0,2026-09-06T21:01:04.0000000,2026-09-06T21:01:38.0000000,34,
olist_order_reviews,olist,FULL,pl_ingest_files,SUCCEEDED,2026-09-06T20:48:26.8753460,2026-09-06T21:01:53.8283450,1.0,2026-09-06T21:01:54.0000000,2026-09-06T21:02:25.0000000,31,
olist_geolocation,olist,FULL,pl_ingest_files,SUCCEEDED,2026-09-06T20:49:13.2407808,2026-09-06T21:03:03.7938546,1.0,2026-09-06T21:03:04.0000000,2026-09-06T21:03:33.0000000,29,
olist_category_xlat,olist,FULL,pl_ingest_files,SUCCEEDED,2026-09-06T20:49:56.7359610,2026-09-06T21:03:47.5608333,1.0,2026-09-06T21:03:48.0000000,2026-09-06T21:04:16.0000000,28,
br_merchant_snapshot,merchant_master,SNAPSHOT,pl_ingest_files,SUCCEEDED,2026-09-06T20:50:45.3120513,2026-09-06T21:04:33.2164620,22.0,2026-09-06T21:04:33.0000000,2026-09-06T21:05:06.0000000,33,
za_vendor_snapshot,merchant_master,SNAPSHOT,pl_ingest_files,SUCCEEDED,2026-09-06T20:51:40.1649251,2026-09-06T21:05:17.0389639,22.0,2026-09-06T21:05:17.0000000,2026-09-06T21:05:45.0000000,28,
za_orders,za_platform,INCREMENTAL,pl_ingest_files,SUCCEEDED,2026-09-06T20:52:23.7827792,2026-09-06T21:06:02.7011040,22.0,2026-09-06T21:06:03.0000000,2026-09-06T21:06:35.0000000,32,
za_order_lines,za_platform,INCREMENTAL,pl_ingest_files,SUCCEEDED,2026-09-06T20:53:05.3064232,2026-09-06T21:06:50.5340823,22.0,2026-09-06T21:06:51.0000000,2026-09-06T21:07:35.0000000,44,
za_customers,za_platform,INCREMENTAL,pl_ingest_files,SUCCEEDED,2026-09-06T20:53:56.9207239,2026-09-06T21:07:58.4251854,22.0,2026-09-06T21:07:58.0000000,2026-09-06T21:08:28.0000000,30,
za_refunds,za_platform,INCREMENTAL,pl_ingest_files,SUCCEEDED,2026-09-06T20:54:40.1748491,2026-09-06T21:08:39.6496018,94.0,2026-09-06T21:08:40.0000000,2026-09-06T21:09:10.0000000,30,
fx_rates_ecb,api,FULL,pl_ingest_apis,SUCCEEDED,,2026-09-11T19:57:21.5083017,,2026-09-11T19:57:22.0000000,2026-09-11T19:57:58.0000000,36,
fx_rates_ecb,api,FULL,pl_ingest_apis,SUCCEEDED,2026-09-11T19:57:21.5083017,2026-09-11T19:58:09.3088771,,2026-09-11T19:58:09.0000000,2026-09-11T19:58:35.0000000,26,
holidays_nager,api,FULL,pl_ingest_apis,SUCCEEDED,,2026-09-11T19:58:47.3984960,,2026-09-11T19:58:47.0000000,2026-09-11T19:59:15.0000000,28,
holidays_nager,api,FULL,pl_ingest_apis,SUCCEEDED,2026-09-11T19:58:47.3984960,2026-09-11T19:59:27.2773325,,2026-09-11T19:59:27.0000000,2026-09-11T19:59:53.0000000,26,
holidays_nager,api,FULL,pl_ingest_apis,SUCCEEDED,2026-09-11T19:59:27.2773325,2026-09-11T20:00:09.5189211,,2026-09-11T20:00:10.0000000,2026-09-11T20:00:49.0000000,39,
holidays_nager,api,FULL,pl_ingest_apis,SUCCEEDED,2026-09-11T20:00:09.5189211,2026-09-11T20:01:12.4619160,,2026-09-11T20:01:12.0000000,2026-09-11T20:01:49.0000000,37,
fx_rates_ecb,api,FULL,pl_ingest_apis,SUCCEEDED,2026-09-11T19:58:09.3088771,2026-09-11T20:07:59.1454069,,2026-09-11T20:07:59.0000000,2026-09-11T20:08:37.0000000,38,
weather_openmeteo,api,FULL,pl_ingest_apis,SUCCEEDED,,2026-09-11T20:48:04.0035308,,2026-09-11T20:48:04.0000000,2026-09-11T20:48:43.0000000,39,
weather_openmeteo,api,FULL,pl_ingest_apis,SUCCEEDED,2026-09-11T20:48:04.0035308,2026-09-11T20:48:55.8841038,,2026-09-11T20:48:56.0000000,2026-09-11T20:49:25.0000000,29,
weather_openmeteo,api,FULL,pl_ingest_apis,SUCCEEDED,2026-09-11T20:48:55.8841038,2026-09-11T20:49:39.1408480,,2026-09-11T20:49:39.0000000,2026-09-11T20:50:06.0000000,27,
weather_openmeteo,api,FULL,pl_ingest_apis,SUCCEEDED,2026-09-11T20:49:39.1408480,2026-09-11T20:50:27.4890882,,2026-09-11T20:50:27.0000000,2026-09-11T20:50:53.0000000,26,
weather_openmeteo,api,FULL,pl_ingest_apis,SUCCEEDED,2026-09-11T20:50:27.4890882,2026-09-11T20:51:07.5289730,,2026-09-11T20:51:08.0000000,2026-09-11T20:51:35.0000000,27,
fx_rates_ecb,api,FULL,pl_ingest_apis,SUCCEEDED,2026-09-11T20:07:59.1454069,2026-09-11T22:13:48.0430561,,2026-09-11T22:13:48.0000000,2026-09-11T22:14:29.0000000,41,
fx_rates_ecb,api,FULL,pl_ingest_apis,SUCCEEDED,2026-09-11T22:13:48.0430561,2026-09-11T22:14:42.1060887,,2026-09-11T22:14:42.0000000,2026-09-11T22:15:15.0000000,33,
holidays_nager,api,FULL,pl_ingest_apis,SUCCEEDED,2026-09-11T20:01:12.4619160,2026-09-11T22:15:26.5523800,,2026-09-11T22:15:27.0000000,2026-09-11T22:15:54.0000000,27,
holidays_nager,api,FULL,pl_ingest_apis,SUCCEEDED,2026-09-11T22:15:26.5523800,2026-09-11T22:16:08.9910157,,2026-09-11T22:16:09.0000000,2026-09-11T22:16:36.0000000,27,
holidays_nager,api,FULL,pl_ingest_apis,SUCCEEDED,2026-09-11T22:16:08.9910157,2026-09-11T22:17:24.4654168,,2026-09-11T22:17:24.0000000,2026-09-11T22:17:54.0000000,30,
holidays_nager,api,FULL,pl_ingest_apis,SUCCEEDED,2026-09-11T22:17:24.4654168,2026-09-11T22:18:15.9332087,,2026-09-11T22:18:16.0000000,2026-09-11T22:18:49.0000000,33,
weather_openmeteo,api,FULL,pl_ingest_apis,SUCCEEDED,2026-09-11T20:51:07.5289730,2026-09-11T22:18:59.5649358,,2026-09-11T22:19:00.0000000,2026-09-11T22:19:25.0000000,25,
weather_openmeteo,api,FULL,pl_ingest_apis,SUCCEEDED,2026-09-11T22:18:59.5649358,2026-09-11T22:19:40.5315853,,2026-09-11T22:19:41.0000000,2026-09-11T22:20:12.0000000,31,
weather_openmeteo,api,FULL,pl_ingest_apis,SUCCEEDED,2026-09-11T22:19:40.5315853,2026-09-11T22:20:32.4114072,,2026-09-11T22:20:32.0000000,2026-09-11T22:21:02.0000000,30,
weather_openmeteo,api,FULL,pl_ingest_apis,SUCCEEDED,2026-09-11T22:20:32.4114072,2026-09-11T22:22:51.3848416,,2026-09-11T22:22:51.0000000,2026-09-11T22:23:26.0000000,35,
weather_openmeteo,api,FULL,pl_ingest_apis,SUCCEEDED,2026-09-11T22:22:51.3848416,2026-09-11T22:23:54.0188609,,2026-09-11T22:23:54.0000000,2026-09-11T22:24:21.0000000,27,
weather_openmeteo,api,FULL,pl_ingest_apis,SUCCEEDED,2026-09-11T22:23:54.0188609,2026-09-11T22:24:33.2816322,,2026-09-11T22:24:33.0000000,2026-09-11T22:25:01.0000000,28,
weather_openmeteo,api,FULL,pl_ingest_apis,SUCCEEDED,2026-09-11T22:24:33.2816322,2026-09-11T22:25:10.9269109,,2026-09-11T22:25:11.0000000,2026-09-11T22:25:38.0000000,27,
weather_openmeteo,api,FULL,pl_ingest_apis,SUCCEEDED,2026-09-11T22:25:10.9269109,2026-09-11T22:25:48.7577011,,2026-09-11T22:25:49.0000000,2026-09-11T22:26:17.0000000,28,
weather_openmeteo,api,FULL,pl_ingest_apis,SUCCEEDED,2026-09-11T22:25:48.7577011,2026-09-11T22:26:32.1651238,,2026-09-11T22:26:32.0000000,2026-09-11T22:26:56.0000000,24,
weather_openmeteo,api,FULL,pl_ingest_apis,SUCCEEDED,2026-09-11T22:26:32.1651238,2026-09-11T22:27:05.7377160,,2026-09-11T22:27:06.0000000,2026-09-11T22:27:44.0000000,38,
weather_openmeteo,api,FULL,pl_ingest_apis,SUCCEEDED,2026-09-11T22:27:05.7377160,2026-09-11T22:28:01.7942323,,2026-09-11T22:28:02.0000000,2026-09-11T22:28:26.0000000,24,
weather_openmeteo,api,FULL,pl_ingest_apis,SUCCEEDED,2026-09-11T22:28:01.7942323,2026-09-11T22:28:36.4823363,,2026-09-11T22:28:36.0000000,2026-09-11T22:29:04.0000000,28,
weather_openmeteo,api,FULL,pl_ingest_apis,SUCCEEDED,2026-09-11T22:28:36.4823363,2026-09-11T22:29:13.9868348,,2026-09-11T22:29:14.0000000,2026-09-11T22:29:41.0000000,27,
weather_openmeteo,api,FULL,pl_ingest_apis,SUCCEEDED,2026-09-11T22:29:13.9868348,2026-09-11T22:29:51.0521238,,2026-09-11T22:29:51.0000000,2026-09-11T22:30:29.0000000,38,
weather_openmeteo,api,FULL,pl_ingest_apis,SUCCEEDED,2026-09-11T22:29:51.0521238,2026-09-11T22:31:02.3996873,,2026-09-11T22:31:02.0000000,2026-09-11T22:31:36.0000000,34,
weather_openmeteo,api,FULL,pl_ingest_apis,SUCCEEDED,2026-09-11T22:31:02.3996873,2026-09-11T22:31:48.7461764,,2026-09-11T22:31:49.0000000,2026-09-11T22:32:18.0000000,29,
weather_openmeteo,api,FULL,pl_ingest_apis,SUCCEEDED,2026-09-11T22:31:48.7461764,2026-09-11T22:32:29.8515752,,2026-09-11T22:32:30.0000000,2026-09-11T22:32:56.0000000,26,
weather_openmeteo,api,FULL,pl_ingest_apis,SUCCEEDED,2026-09-11T22:32:29.8515752,2026-09-11T22:33:13.6690576,,2026-09-11T22:33:14.0000000,2026-09-11T22:33:42.0000000,28,
weather_openmeteo,api,FULL,pl_ingest_apis,SUCCEEDED,2026-09-11T22:33:13.6690576,2026-09-11T22:33:54.2414887,,2026-09-11T22:33:54.0000000,2026-09-11T22:34:20.0000000,26,
weather_openmeteo,api,FULL,pl_ingest_apis,SUCCEEDED,2026-09-11T22:33:54.2414887,2026-09-11T22:34:44.2482084,,2026-09-11T22:34:44.0000000,2026-09-11T22:35:18.0000000,34,
weather_openmeteo,api,FULL,pl_ingest_apis,SUCCEEDED,2026-09-11T22:34:44.2482084,2026-09-11T22:35:27.0562380,,2026-09-11T22:35:27.0000000,2026-09-11T22:35:57.0000000,30,
weather_openmeteo,api,FULL,pl_ingest_apis,SUCCEEDED,2026-09-11T22:35:27.0562380,2026-09-11T22:36:26.7511700,,2026-09-11T22:36:27.0000000,2026-09-11T22:36:59.0000000,32,
weather_openmeteo,api,FULL,pl_ingest_apis,SUCCEEDED,2026-09-11T22:36:26.7511700,2026-09-11T22:37:56.4811121,,2026-09-11T22:37:56.0000000,2026-09-11T22:38:24.0000000,28,
weather_openmeteo,api,FULL,pl_ingest_apis,SUCCEEDED,2026-09-11T22:37:56.4811121,2026-09-11T22:38:50.5502709,,2026-09-11T22:38:51.0000000,2026-09-11T22:39:19.0000000,28,
weather_openmeteo,api,FULL,pl_ingest_apis,SUCCEEDED,2026-09-11T22:38:50.5502709,2026-09-11T22:39:28.3080969,,2026-09-11T22:39:28.0000000,2026-09-11T22:39:56.0000000,28,
weather_openmeteo,api,FULL,pl_ingest_apis,SUCCEEDED,2026-09-11T22:39:28.3080969,2026-09-11T22:40:33.1870321,,2026-09-11T22:40:33.0000000,2026-09-11T22:40:58.0000000,25,
weather_openmeteo,api,FULL,pl_ingest_apis,SUCCEEDED,2026-09-11T22:40:33.1870321,2026-09-11T22:41:14.0971510,,2026-09-11T22:41:14.0000000,2026-09-11T22:41:43.0000000,29,
weather_openmeteo,api,FULL,pl_ingest_apis,SUCCEEDED,2026-09-11T22:41:14.0971510,2026-09-11T22:41:57.9896938,,2026-09-11T22:41:58.0000000,2026-09-11T22:42:26.0000000,28,
weather_openmeteo,api,FULL,pl_ingest_apis,SUCCEEDED,2026-09-11T22:41:57.9896938,2026-09-11T22:42:48.8331444,,2026-09-11T22:42:49.0000000,2026-09-11T22:43:20.0000000,31,
weather_openmeteo,api,FULL,pl_ingest_apis,SUCCEEDED,2026-09-11T22:42:48.8331444,2026-09-11T22:43:43.5199253,,2026-09-11T22:43:44.0000000,2026-09-11T22:44:12.0000000,28,
weather_openmeteo,api,FULL,pl_ingest_apis,SUCCEEDED,2026-09-11T22:43:43.5199253,2026-09-11T22:44:28.1022543,,2026-09-11T22:44:28.0000000,2026-09-11T22:44:56.0000000,28,
weather_openmeteo,api,FULL,pl_ingest_apis,SUCCEEDED,2026-09-11T22:44:28.1022543,2026-09-11T22:45:18.4272123,,2026-09-11T22:45:18.0000000,2026-09-11T22:45:50.0000000,32,
weather_openmeteo,api,FULL,pl_ingest_apis,SUCCEEDED,2026-09-11T22:45:18.4272123,2026-09-11T22:46:09.5335280,,2026-09-11T22:46:10.0000000,2026-09-11T22:46:37.0000000,27,
weather_openmeteo,api,FULL,pl_ingest_apis,SUCCEEDED,2026-09-11T22:46:09.5335280,2026-09-11T22:46:50.6807434,,2026-09-11T22:46:51.0000000,2026-09-11T22:47:15.0000000,24,
weather_openmeteo,api,FULL,pl_ingest_apis,SUCCEEDED,2026-09-11T22:46:50.6807434,2026-09-11T22:47:31.7685785,,2026-09-11T22:47:32.0000000,2026-09-11T22:48:01.0000000,29,
weather_openmeteo,api,FULL,pl_ingest_apis,SUCCEEDED,2026-09-11T22:47:31.7685785,2026-09-11T22:48:12.5977126,,2026-09-11T22:48:13.0000000,2026-09-11T22:48:40.0000000,27,
olist_orders,olist,FULL,pl_ingest_files,SUCCEEDED,2026-09-06T20:56:51.6196203,2026-09-11T23:02:52.0310304,1.0,2026-09-11T23:02:52.0000000,2026-09-11T23:03:29.0000000,37,
olist_order_items,olist,FULL,pl_ingest_files,SUCCEEDED,2026-09-06T20:57:38.4204043,2026-09-11T23:03:45.2663933,1.0,2026-09-11T23:03:45.0000000,2026-09-11T23:04:18.0000000,33,
olist_customers,olist,FULL,pl_ingest_files,SUCCEEDED,2026-09-06T20:58:20.0904418,2026-09-11T23:04:29.9942515,1.0,2026-09-11T23:04:30.0000000,2026-09-11T23:04:59.0000000,29,
olist_products,olist,FULL,pl_ingest_files,SUCCEEDED,2026-09-06T20:58:55.4437030,2026-09-11T23:05:38.4090740,1.0,2026-09-11T23:05:38.0000000,2026-09-11T23:06:08.0000000,30,
olist_sellers,olist,FULL,pl_ingest_files,SUCCEEDED,2026-09-06T20:59:50.5580433,2026-09-11T23:06:30.5745829,1.0,2026-09-11T23:06:31.0000000,2026-09-11T23:06:56.0000000,25,
olist_order_payments,olist,FULL,pl_ingest_files,SUCCEEDED,2026-09-06T21:01:04.2551050,2026-09-11T23:07:12.8123506,1.0,2026-09-11T23:07:13.0000000,2026-09-11T23:07:45.0000000,32,
olist_order_reviews,olist,FULL,pl_ingest_files,SUCCEEDED,2026-09-06T21:01:53.8283450,2026-09-11T23:08:02.8332518,1.0,2026-09-11T23:08:03.0000000,2026-09-11T23:08:33.0000000,30,
olist_geolocation,olist,FULL,pl_ingest_files,SUCCEEDED,2026-09-06T21:03:03.7938546,2026-09-11T23:08:49.4167954,1.0,2026-09-11T23:08:49.0000000,2026-09-11T23:09:17.0000000,28,
olist_category_xlat,olist,FULL,pl_ingest_files,SUCCEEDED,2026-09-06T21:03:47.5608333,2026-09-11T23:09:30.6773312,1.0,2026-09-11T23:09:31.0000000,2026-09-11T23:10:04.0000000,33,
br_merchant_snapshot,merchant_master,SNAPSHOT,pl_ingest_files,SUCCEEDED,2026-09-06T21:04:33.2164620,2026-09-11T23:10:25.2793285,22.0,2026-09-11T23:10:25.0000000,2026-09-11T23:10:53.0000000,28,
za_vendor_snapshot,merchant_master,SNAPSHOT,pl_ingest_files,SUCCEEDED,2026-09-06T21:05:17.0389639,2026-09-11T23:11:13.5722526,22.0,2026-09-11T23:11:14.0000000,2026-09-11T23:11:47.0000000,33,
za_orders,za_platform,INCREMENTAL,pl_ingest_files,SUCCEEDED,2026-09-06T21:06:02.7011040,2026-09-11T23:12:04.1192810,22.0,2026-09-11T23:12:04.0000000,2026-09-11T23:12:36.0000000,32,
za_order_lines,za_platform,INCREMENTAL,pl_ingest_files,SUCCEEDED,2026-09-06T21:06:50.5340823,2026-09-11T23:12:50.3660427,22.0,2026-09-11T23:12:50.0000000,2026-09-11T23:13:21.0000000,31,
za_customers,za_platform,INCREMENTAL,pl_ingest_files,SUCCEEDED,2026-09-06T21:07:58.4251854,2026-09-11T23:13:43.9365390,22.0,2026-09-11T23:13:44.0000000,2026-09-11T23:14:14.0000000,30,
za_refunds,za_platform,INCREMENTAL,pl_ingest_files,SUCCEEDED,2026-09-06T21:08:39.6496018,2026-09-11T23:14:33.5383065,94.0,2026-09-11T23:14:34.0000000,2026-09-11T23:15:05.0000000,31,
olist_orders,olist,FULL,pl_ingest_files,SUCCEEDED,2026-09-11T23:02:52.0310304,2026-09-12T07:09:12.5054689,1.0,2026-09-12T07:09:13.0000000,2026-09-12T07:09:51.0000000,38,
olist_order_items,olist,FULL,pl_ingest_files,SUCCEEDED,2026-09-11T23:03:45.2663933,2026-09-12T07:10:09.7473896,1.0,2026-09-12T07:10:10.0000000,2026-09-12T07:10:42.0000000,32,
olist_customers,olist,FULL,pl_ingest_files,SUCCEEDED,2026-09-11T23:04:29.9942515,2026-09-12T07:10:56.4524027,1.0,2026-09-12T07:10:56.0000000,2026-09-12T07:11:26.0000000,30,
olist_products,olist,FULL,pl_ingest_files,SUCCEEDED,2026-09-11T23:05:38.4090740,2026-09-12T07:11:49.1344318,1.0,2026-09-12T07:11:49.0000000,2026-09-12T07:12:18.0000000,29,
olist_sellers,olist,FULL,pl_ingest_files,SUCCEEDED,2026-09-11T23:06:30.5745829,2026-09-12T07:12:33.7382144,1.0,2026-09-12T07:12:34.0000000,2026-09-12T07:13:01.0000000,27,
olist_order_payments,olist,FULL,pl_ingest_files,SUCCEEDED,2026-09-11T23:07:12.8123506,2026-09-12T07:13:13.6503172,1.0,2026-09-12T07:13:14.0000000,2026-09-12T07:13:41.0000000,27,
olist_order_reviews,olist,FULL,pl_ingest_files,SUCCEEDED,2026-09-11T23:08:02.8332518,2026-09-12T07:14:06.5054907,1.0,2026-09-12T07:14:07.0000000,2026-09-12T07:14:32.0000000,25,
olist_geolocation,olist,FULL,pl_ingest_files,SUCCEEDED,2026-09-11T23:08:49.4167954,2026-09-12T07:14:47.4335066,1.0,2026-09-12T07:14:47.0000000,2026-09-12T07:15:22.0000000,35,
olist_category_xlat,olist,FULL,pl_ingest_files,SUCCEEDED,2026-09-11T23:09:30.6773312,2026-09-12T07:15:49.4165803,1.0,2026-09-12T07:15:49.0000000,2026-09-12T07:16:21.0000000,32,
br_merchant_snapshot,merchant_master,SNAPSHOT,pl_ingest_files,SUCCEEDED,2026-09-11T23:10:25.2793285,2026-09-12T07:16:39.7234705,22.0,2026-09-12T07:16:40.0000000,2026-09-12T07:17:10.0000000,30,
za_vendor_snapshot,merchant_master,SNAPSHOT,pl_ingest_files,SUCCEEDED,2026-09-11T23:11:13.5722526,2026-09-12T07:17:47.2164109,22.0,2026-09-12T07:17:47.0000000,2026-09-12T07:18:19.0000000,32,
za_orders,za_platform,INCREMENTAL,pl_ingest_files,SUCCEEDED,2026-09-11T23:12:04.1192810,2026-09-12T07:18:31.5879625,22.0,2026-09-12T07:18:32.0000000,2026-09-12T07:19:00.0000000,28,
za_order_lines,za_platform,INCREMENTAL,pl_ingest_files,SUCCEEDED,2026-09-11T23:12:50.3660427,2026-09-12T07:19:16.8428043,22.0,2026-09-12T07:19:17.0000000,2026-09-12T07:19:45.0000000,28,
za_customers,za_platform,INCREMENTAL,pl_ingest_files,SUCCEEDED,2026-09-11T23:13:43.9365390,2026-09-12T07:20:13.6653661,22.0,2026-09-12T07:20:14.0000000,2026-09-12T07:20:46.0000000,32,
za_refunds,za_platform,INCREMENTAL,pl_ingest_files,SUCCEEDED,2026-09-11T23:14:33.5383065,2026-09-12T07:20:57.7231369,94.0,2026-09-12T07:20:58.0000000,2026-09-12T07:21:34.0000000,36,
olist_orders,olist,FULL,pl_ingest_files,SUCCEEDED,2026-09-12T07:09:12.5054689,2026-09-12T08:03:46.1873993,1.0,2026-09-12T08:03:46.0000000,2026-09-12T08:04:27.0000000,41,
olist_order_items,olist,FULL,pl_ingest_files,SUCCEEDED,2026-09-12T07:10:09.7473896,2026-09-12T08:04:42.0303007,1.0,2026-09-12T08:04:42.0000000,2026-09-12T08:05:11.0000000,29,
olist_customers,olist,FULL,pl_ingest_files,SUCCEEDED,2026-09-12T07:10:56.4524027,2026-09-12T08:05:26.9007426,1.0,2026-09-12T08:05:27.0000000,2026-09-12T08:06:07.0000000,40,
olist_products,olist,FULL,pl_ingest_files,SUCCEEDED,2026-09-12T07:11:49.1344318,2026-09-12T08:06:23.9694613,1.0,2026-09-12T08:06:24.0000000,2026-09-12T08:06:57.0000000,33,
olist_sellers,olist,FULL,pl_ingest_files,SUCCEEDED,2026-09-12T07:12:33.7382144,2026-09-12T08:07:17.0483368,1.0,2026-09-12T08:07:17.0000000,2026-09-12T08:07:49.0000000,32,
olist_order_payments,olist,FULL,pl_ingest_files,SUCCEEDED,2026-09-12T07:13:13.6503172,2026-09-12T08:08:03.0731059,1.0,2026-09-12T08:08:03.0000000,2026-09-12T08:08:37.0000000,34,
olist_order_reviews,olist,FULL,pl_ingest_files,SUCCEEDED,2026-09-12T07:14:06.5054907,2026-09-12T08:08:59.8195987,1.0,2026-09-12T08:09:00.0000000,2026-09-12T08:09:36.0000000,36,
olist_geolocation,olist,FULL,pl_ingest_files,SUCCEEDED,2026-09-12T07:14:47.4335066,2026-09-12T08:09:57.8723315,1.0,2026-09-12T08:09:58.0000000,2026-09-12T08:10:33.0000000,35,
olist_category_xlat,olist,FULL,pl_ingest_files,SUCCEEDED,2026-09-12T07:15:49.4165803,2026-09-12T08:10:50.6874776,1.0,2026-09-12T08:10:51.0000000,2026-09-12T08:11:20.0000000,29,
br_merchant_snapshot,merchant_master,SNAPSHOT,pl_ingest_files,SUCCEEDED,2026-09-12T07:16:39.7234705,2026-09-12T08:11:47.4128838,22.0,2026-09-12T08:11:47.0000000,2026-09-12T08:12:24.0000000,37,
za_vendor_snapshot,merchant_master,SNAPSHOT,pl_ingest_files,SUCCEEDED,2026-09-12T07:17:47.2164109,2026-09-12T08:12:41.7087981,22.0,2026-09-12T08:12:42.0000000,2026-09-12T08:13:12.0000000,30,
za_orders,za_platform,INCREMENTAL,pl_ingest_files,SUCCEEDED,2026-09-12T12:00:00,2026-09-12T08:13:23.7852975,22.0,2026-09-12T08:13:24.0000000,2026-09-12T08:13:53.0000000,29,
za_order_lines,za_platform,INCREMENTAL,pl_ingest_files,SUCCEEDED,2026-09-12T12:00:00,2026-09-12T08:14:18.9413454,22.0,2026-09-12T08:14:19.0000000,2026-09-12T08:14:45.0000000,26,
za_customers,za_platform,INCREMENTAL,pl_ingest_files,SUCCEEDED,2026-09-12T12:00:00,2026-09-12T08:15:10.9563491,22.0,2026-09-12T08:15:11.0000000,2026-09-12T08:15:38.0000000,27,
za_refunds,za_platform,INCREMENTAL,pl_ingest_files,SUCCEEDED,2026-09-12T12:00:00,2026-09-12T08:16:00.6445597,94.0,2026-09-12T08:16:01.0000000,2026-09-12T08:16:32.0000000,31,
za_orders,za_platform,INCREMENTAL,pl_ingest_files,SUCCEEDED,2026-09-12T08:00:00,2026-09-12T08:22:59.3111089,22.0,2026-09-12T08:22:59.0000000,2026-09-12T08:23:35.0000000,36,
za_order_lines,za_platform,INCREMENTAL,pl_ingest_files,SUCCEEDED,2026-09-12T08:00:00,2026-09-12T08:23:46.0508030,22.0,2026-09-12T08:23:46.0000000,2026-09-12T08:24:13.0000000,27,
za_customers,za_platform,INCREMENTAL,pl_ingest_files,SUCCEEDED,2026-09-12T08:00:00,2026-09-12T08:24:25.8265652,22.0,2026-09-12T08:24:26.0000000,2026-09-12T08:24:54.0000000,28,
za_refunds,za_platform,INCREMENTAL,pl_ingest_files,SUCCEEDED,2026-09-12T08:00:00,2026-09-12T08:25:10.8098486,94.0,2026-09-12T08:25:11.0000000,2026-09-12T08:25:42.0000000,31,
za_orders,za_platform,INCREMENTAL,pl_ingest_files,FAILED,2026-09-12T08:00:00,2026-09-12T08:33:00.9253630,,2026-09-12T08:33:01.0000000,2026-09-12T08:33:39.0000000,38,"Quality gate failed: expected at least 22 files, got 0"
za_order_lines,za_platform,INCREMENTAL,pl_ingest_files,FAILED,2026-09-12T08:00:00,2026-09-12T08:33:52.5154703,,2026-09-12T08:33:53.0000000,2026-09-12T08:34:25.0000000,32,"Quality gate failed: expected at least 22 files, got 0"
za_customers,za_platform,INCREMENTAL,pl_ingest_files,FAILED,2026-09-12T08:00:00,2026-09-12T08:34:46.8816477,,2026-09-12T08:34:47.0000000,2026-09-12T08:35:19.0000000,32,"Quality gate failed: expected at least 22 files, got 0"
za_refunds,za_platform,INCREMENTAL,pl_ingest_files,FAILED,2026-09-12T08:00:00,2026-09-12T08:35:34.6953498,,2026-09-12T08:35:35.0000000,2026-09-12T08:36:04.0000000,29,"Quality gate failed: expected at least 90 files, got 0"
za_orders,za_platform,INCREMENTAL,pl_ingest_files,SUCCEEDED,2026-09-12T08:00:00,2026-09-12T08:39:01.6254747,0.0,2026-09-12T08:39:02.0000000,2026-09-12T08:39:42.0000000,40,
za_order_lines,za_platform,INCREMENTAL,pl_ingest_files,SUCCEEDED,2026-09-12T08:00:00,2026-09-12T08:40:00.8716711,0.0,2026-09-12T08:40:01.0000000,2026-09-12T08:40:29.0000000,28,
za_customers,za_platform,INCREMENTAL,pl_ingest_files,SUCCEEDED,2026-09-12T08:00:00,2026-09-12T08:41:14.4297666,0.0,2026-09-12T08:41:14.0000000,2026-09-12T08:41:41.0000000,27,
za_refunds,za_platform,INCREMENTAL,pl_ingest_files,SUCCEEDED,2026-09-12T08:00:00,2026-09-12T08:41:53.0130561,0.0,2026-09-12T08:41:53.0000000,2026-09-12T08:42:21.0000000,28,
za_orders,za_platform,INCREMENTAL,pl_ingest_files,SUCCEEDED,2026-09-12T08:39:01.6254747,2026-09-12T09:20:22.0170261,1.0,2026-09-12T09:20:22.0000000,2026-09-12T09:21:01.0000000,39,
za_order_lines,za_platform,INCREMENTAL,pl_ingest_files,SUCCEEDED,2026-09-12T08:40:00.8716711,2026-09-12T09:21:33.9727331,0.0,2026-09-12T09:21:34.0000000,2026-09-12T09:21:58.0000000,24,
za_customers,za_platform,INCREMENTAL,pl_ingest_files,SUCCEEDED,2026-09-12T08:41:14.4297666,2026-09-12T09:22:20.6907764,0.0,2026-09-12T09:22:21.0000000,2026-09-12T09:22:49.0000000,28,
za_refunds,za_platform,INCREMENTAL,pl_ingest_files,SUCCEEDED,2026-09-12T08:41:53.0130561,2026-09-12T09:23:01.1593042,0.0,2026-09-12T09:23:01.0000000,2026-09-12T09:23:29.0000000,28,
olist_orders,olist,FULL,pl_ingest_files,SUCCEEDED,2026-09-12T08:03:46.1873993,2026-09-12T09:27:51.6757141,1.0,2026-09-12T09:27:52.0000000,2026-09-12T09:28:28.0000000,36,
olist_order_items,olist,FULL,pl_ingest_files,SUCCEEDED,2026-09-12T08:04:42.0303007,2026-09-12T09:28:41.1191842,1.0,2026-09-12T09:28:41.0000000,2026-09-12T09:29:06.0000000,25,
olist_customers,olist,FULL,pl_ingest_files,SUCCEEDED,2026-09-12T08:05:26.9007426,2026-09-12T09:29:26.4144142,1.0,2026-09-12T09:29:26.0000000,2026-09-12T09:29:55.0000000,29,
olist_products,olist,FULL,pl_ingest_files,SUCCEEDED,2026-09-12T08:06:23.9694613,2026-09-12T09:30:14.8063464,1.0,2026-09-12T09:30:15.0000000,2026-09-12T09:30:46.0000000,31,
olist_sellers,olist,FULL,pl_ingest_files,SUCCEEDED,2026-09-12T08:07:17.0483368,2026-09-12T09:31:04.4535083,1.0,2026-09-12T09:31:04.0000000,2026-09-12T09:31:31.0000000,27,
olist_order_payments,olist,FULL,pl_ingest_files,SUCCEEDED,2026-09-12T08:08:03.0731059,2026-09-12T09:31:45.7937643,1.0,2026-09-12T09:31:46.0000000,2026-09-12T09:32:17.0000000,31,
olist_order_reviews,olist,FULL,pl_ingest_files,SUCCEEDED,2026-09-12T08:08:59.8195987,2026-09-12T09:32:55.6500555,1.0,2026-09-12T09:32:56.0000000,2026-09-12T09:33:25.0000000,29,
olist_geolocation,olist,FULL,pl_ingest_files,SUCCEEDED,2026-09-12T08:09:57.8723315,2026-09-12T09:33:40.2741292,1.0,2026-09-12T09:33:40.0000000,2026-09-12T09:34:10.0000000,30,
olist_category_xlat,olist,FULL,pl_ingest_files,SUCCEEDED,2026-09-12T08:10:50.6874776,2026-09-12T09:34:33.4528507,1.0,2026-09-12T09:34:33.0000000,2026-09-12T09:35:03.0000000,30,
br_merchant_snapshot,merchant_master,SNAPSHOT,pl_ingest_files,FAILED,2026-09-12T08:11:47.4128838,2026-09-12T09:35:29.0695006,,2026-09-12T09:35:29.0000000,2026-09-12T09:35:56.0000000,27,"Quality gate failed: expected at least 22 files, got 0"
za_vendor_snapshot,merchant_master,SNAPSHOT,pl_ingest_files,FAILED,2026-09-12T08:12:41.7087981,2026-09-12T09:36:27.9959533,,2026-09-12T09:36:28.0000000,2026-09-12T09:36:55.0000000,27,"Quality gate failed: expected at least 22 files, got 0"
za_orders,za_platform,INCREMENTAL,pl_ingest_files,SUCCEEDED,2026-09-12T09:20:22.0170261,2026-09-12T09:37:15.1448078,0.0,2026-09-12T09:37:15.0000000,2026-09-12T09:37:44.0000000,29,
za_order_lines,za_platform,INCREMENTAL,pl_ingest_files,SUCCEEDED,2026-09-12T09:21:33.9727331,2026-09-12T09:37:56.0708029,0.0,2026-09-12T09:37:56.0000000,2026-09-12T09:38:23.0000000,27,
za_customers,za_platform,INCREMENTAL,pl_ingest_files,SUCCEEDED,2026-09-12T09:22:20.6907764,2026-09-12T09:38:47.5841827,0.0,2026-09-12T09:38:48.0000000,2026-09-12T09:39:17.0000000,29,
za_refunds,za_platform,INCREMENTAL,pl_ingest_files,SUCCEEDED,2026-09-12T09:23:01.1593042,2026-09-12T09:39:41.5659962,0.0,2026-09-12T09:39:42.0000000,2026-09-12T09:40:10.0000000,28,
za_orders,za_platform,INCREMENTAL,pl_ingest_files,FAILED,2026-09-12T09:37:15.1448078,2026-09-12T16:33:58.3772972,,2026-09-12T16:33:58.0000000,2026-09-12T16:34:34.0000000,36,"Quality gate failed: expected at least 22 files, got 0"
za_order_lines,za_platform,INCREMENTAL,pl_ingest_files,FAILED,2026-09-12T09:37:56.0708029,2026-09-12T16:34:46.4463647,,2026-09-12T16:34:46.0000000,2026-09-12T16:35:15.0000000,29,"Quality gate failed: expected at least 22 files, got 0"
za_customers,za_platform,INCREMENTAL,pl_ingest_files,FAILED,2026-09-12T09:38:47.5841827,2026-09-12T16:35:28.7984200,,2026-09-12T16:35:29.0000000,2026-09-12T16:35:56.0000000,27,"Quality gate failed: expected at least 22 files, got 0"
za_refunds,za_platform,INCREMENTAL,pl_ingest_files,FAILED,2026-09-12T09:39:41.5659962,2026-09-12T16:36:19.2617249,,2026-09-12T16:36:19.0000000,2026-09-12T16:36:50.0000000,31,"Quality gate failed: expected at least 90 files, got 0"
za_orders,za_platform,INCREMENTAL,pl_ingest_files,SUCCEEDED,2026-09-12T09:37:15.1448078,2026-09-12T16:43:10.5784421,0.0,2026-09-12T16:43:11.0000000,2026-09-12T16:43:48.0000000,37,
za_order_lines,za_platform,INCREMENTAL,pl_ingest_files,SUCCEEDED,2026-09-12T09:37:56.0708029,2026-09-12T16:44:17.5689017,0.0,2026-09-12T16:44:18.0000000,2026-09-12T16:44:48.0000000,30,
za_customers,za_platform,INCREMENTAL,pl_ingest_files,SUCCEEDED,2026-09-12T09:38:47.5841827,2026-09-12T16:45:00.1610992,0.0,2026-09-12T16:45:00.0000000,2026-09-12T16:45:27.0000000,27,
za_refunds,za_platform,INCREMENTAL,pl_ingest_files,SUCCEEDED,2026-09-12T09:39:41.5659962,2026-09-12T16:45:37.9590698,0.0,2026-09-12T16:45:38.0000000,2026-09-12T16:46:04.0000000,26,
fx_rates_ecb,api,FULL,pl_ingest_apis,SUCCEEDED,2026-09-11T22:14:42.1060887,2026-09-12T16:47:39.5164475,,2026-09-12T16:47:40.0000000,2026-09-12T16:48:15.0000000,35,
fx_rates_ecb,api,FULL,pl_ingest_apis,SUCCEEDED,2026-09-12T16:47:39.5164475,2026-09-12T16:48:37.5399581,,2026-09-12T16:48:38.0000000,2026-09-12T16:49:03.0000000,25,
holidays_nager,api,FULL,pl_ingest_apis,SUCCEEDED,2026-09-11T22:18:15.9332087,2026-09-12T16:49:12.6614163,,2026-09-12T16:49:13.0000000,2026-09-12T16:49:36.0000000,23,
holidays_nager,api,FULL,pl_ingest_apis,SUCCEEDED,2026-09-12T16:49:12.6614163,2026-09-12T16:49:52.7348289,,2026-09-12T16:49:53.0000000,2026-09-12T16:50:18.0000000,25,
holidays_nager,api,FULL,pl_ingest_apis,SUCCEEDED,2026-09-12T16:49:52.7348289,2026-09-12T16:50:44.5377021,,2026-09-12T16:50:45.0000000,2026-09-12T16:51:12.0000000,27,
holidays_nager,api,FULL,pl_ingest_apis,SUCCEEDED,2026-09-12T16:50:44.5377021,2026-09-12T16:51:23.6669323,,2026-09-12T16:51:24.0000000,2026-09-12T16:51:54.0000000,30,
weather_openmeteo,api,FULL,pl_ingest_apis,SUCCEEDED,2026-09-11T22:48:12.5977126,2026-09-12T16:52:04.8304244,,2026-09-12T16:52:05.0000000,2026-09-12T16:52:33.0000000,28,
weather_openmeteo,api,FULL,pl_ingest_apis,SUCCEEDED,2026-09-12T16:52:04.8304244,2026-09-12T16:52:49.3688843,,2026-09-12T16:52:49.0000000,2026-09-12T16:53:15.0000000,26,
weather_openmeteo,api,FULL,pl_ingest_apis,SUCCEEDED,2026-09-12T16:52:49.3688843,2026-09-12T16:53:25.7895072,,2026-09-12T16:53:26.0000000,2026-09-12T16:53:51.0000000,25,
weather_openmeteo,api,FULL,pl_ingest_apis,SUCCEEDED,2026-09-12T16:53:25.7895072,2026-09-12T16:54:03.4513250,,2026-09-12T16:54:03.0000000,2026-09-12T16:54:28.0000000,25,
weather_openmeteo,api,FULL,pl_ingest_apis,SUCCEEDED,2026-09-12T16:54:03.4513250,2026-09-12T16:54:39.9410545,,2026-09-12T16:54:40.0000000,2026-09-12T16:55:09.0000000,29,
weather_openmeteo,api,FULL,pl_ingest_apis,SUCCEEDED,2026-09-12T16:54:39.9410545,2026-09-12T16:55:28.7195381,,2026-09-12T16:55:29.0000000,2026-09-12T16:55:55.0000000,26,
weather_openmeteo,api,FULL,pl_ingest_apis,SUCCEEDED,2026-09-12T16:55:28.7195381,2026-09-12T16:56:13.4227783,,2026-09-12T16:56:13.0000000,2026-09-12T16:56:41.0000000,28,
weather_openmeteo,api,FULL,pl_ingest_apis,SUCCEEDED,2026-09-12T16:56:13.4227783,2026-09-12T16:56:51.2479846,,2026-09-12T16:56:51.0000000,2026-09-12T16:57:18.0000000,27,
weather_openmeteo,api,FULL,pl_ingest_apis,SUCCEEDED,2026-09-12T16:56:51.2479846,2026-09-12T16:57:29.8134261,,2026-09-12T16:57:30.0000000,2026-09-12T16:57:56.0000000,26,
weather_openmeteo,api,FULL,pl_ingest_apis,SUCCEEDED,2026-09-12T16:57:29.8134261,2026-09-12T16:58:21.6396985,,2026-09-12T16:58:22.0000000,2026-09-12T16:58:49.0000000,27,
weather_openmeteo,api,FULL,pl_ingest_apis,SUCCEEDED,2026-09-12T16:58:21.6396985,2026-09-12T16:59:00.6620915,,2026-09-12T16:59:01.0000000,2026-09-12T16:59:27.0000000,26,
weather_openmeteo,api,FULL,pl_ingest_apis,SUCCEEDED,2026-09-12T16:59:00.6620915,2026-09-12T16:59:48.9959536,,2026-09-12T16:59:49.0000000,2026-09-12T17:00:26.0000000,37,
weather_openmeteo,api,FULL,pl_ingest_apis,SUCCEEDED,2026-09-12T16:59:48.9959536,2026-09-12T17:01:05.7182969,,2026-09-12T17:01:06.0000000,2026-09-12T17:01:39.0000000,33,
weather_openmeteo,api,FULL,pl_ingest_apis,SUCCEEDED,2026-09-12T17:01:05.7182969,2026-09-12T17:02:09.8966604,,2026-09-12T17:02:10.0000000,2026-09-12T17:02:40.0000000,30,
weather_openmeteo,api,FULL,pl_ingest_apis,SUCCEEDED,2026-09-12T17:02:09.8966604,2026-09-12T17:02:55.6454703,,2026-09-12T17:02:56.0000000,2026-09-12T17:03:29.0000000,33,
weather_openmeteo,api,FULL,pl_ingest_apis,SUCCEEDED,2026-09-12T17:02:55.6454703,2026-09-12T17:03:49.5461760,,2026-09-12T17:03:50.0000000,2026-09-12T17:04:17.0000000,27,
weather_openmeteo,api,FULL,pl_ingest_apis,SUCCEEDED,2026-09-12T17:03:49.5461760,2026-09-12T17:04:35.9139815,,2026-09-12T17:04:36.0000000,2026-09-12T17:05:08.0000000,32,
weather_openmeteo,api,FULL,pl_ingest_apis,SUCCEEDED,2026-09-12T17:04:35.9139815,2026-09-12T17:05:22.2345855,,2026-09-12T17:05:22.0000000,2026-09-12T17:05:56.0000000,34,
weather_openmeteo,api,FULL,pl_ingest_apis,SUCCEEDED,2026-09-12T17:05:22.2345855,2026-09-12T17:06:18.3303521,,2026-09-12T17:06:18.0000000,2026-09-12T17:06:45.0000000,27,
weather_openmeteo,api,FULL,pl_ingest_apis,SUCCEEDED,2026-09-12T17:06:18.3303521,2026-09-12T17:07:00.5378610,,2026-09-12T17:07:01.0000000,2026-09-12T17:07:31.0000000,30,
weather_openmeteo,api,FULL,pl_ingest_apis,SUCCEEDED,2026-09-12T17:07:00.5378610,2026-09-12T17:07:45.6653949,,2026-09-12T17:07:46.0000000,2026-09-12T17:08:13.0000000,27,
weather_openmeteo,api,FULL,pl_ingest_apis,SUCCEEDED,2026-09-12T17:07:45.6653949,2026-09-12T17:08:27.8240163,,2026-09-12T17:08:28.0000000,2026-09-12T17:08:55.0000000,27,
weather_openmeteo,api,FULL,pl_ingest_apis,SUCCEEDED,2026-09-12T17:08:27.8240163,2026-09-12T17:09:35.6925717,,2026-09-12T17:09:36.0000000,2026-09-12T17:10:01.0000000,25,
weather_openmeteo,api,FULL,pl_ingest_apis,SUCCEEDED,2026-09-12T17:09:35.6925717,2026-09-12T17:10:24.4826361,,2026-09-12T17:10:24.0000000,2026-09-12T17:10:52.0000000,28,
weather_openmeteo,api,FULL,pl_ingest_apis,SUCCEEDED,2026-09-12T17:10:24.4826361,2026-09-12T17:11:19.2592013,,2026-09-12T17:11:19.0000000,2026-09-12T17:11:46.0000000,27,
weather_openmeteo,api,FULL,pl_ingest_apis,SUCCEEDED,2026-09-12T17:11:19.2592013,2026-09-12T17:11:57.2984108,,2026-09-12T17:11:57.0000000,2026-09-12T17:12:22.0000000,25,
weather_openmeteo,api,FULL,pl_ingest_apis,SUCCEEDED,2026-09-12T17:11:57.2984108,2026-09-12T17:12:32.9209006,,2026-09-12T17:12:33.0000000,2026-09-12T17:13:01.0000000,28,
weather_openmeteo,api,FULL,pl_ingest_apis,SUCCEEDED,2026-09-12T17:12:32.9209006,2026-09-12T17:13:12.1549032,,2026-09-12T17:13:12.0000000,2026-09-12T17:13:40.0000000,28,
weather_openmeteo,api,FULL,pl_ingest_apis,SUCCEEDED,2026-09-12T17:13:12.1549032,2026-09-12T17:13:54.8907790,,2026-09-12T17:13:55.0000000,2026-09-12T17:14:21.0000000,26,
weather_openmeteo,api,FULL,pl_ingest_apis,SUCCEEDED,2026-09-12T17:13:54.8907790,2026-09-12T17:14:57.9622973,,2026-09-12T17:14:58.0000000,2026-09-12T17:15:26.0000000,28,
weather_openmeteo,api,FULL,pl_ingest_apis,SUCCEEDED,2026-09-12T17:14:57.9622973,2026-09-12T17:15:52.0256854,,2026-09-12T17:15:52.0000000,2026-09-12T17:16:18.0000000,26,
weather_openmeteo,api,FULL,pl_ingest_apis,SUCCEEDED,2026-09-12T17:15:52.0256854,2026-09-12T17:16:49.7901044,,2026-09-12T17:16:50.0000000,2026-09-12T17:17:16.0000000,26,
weather_openmeteo,api,FULL,pl_ingest_apis,SUCCEEDED,2026-09-12T17:16:49.7901044,2026-09-12T17:17:36.2273023,,2026-09-12T17:17:36.0000000,2026-09-12T17:18:02.0000000,26,
weather_openmeteo,api,FULL,pl_ingest_apis,SUCCEEDED,2026-09-12T17:17:36.2273023,2026-09-12T17:18:13.2964081,,2026-09-12T17:18:13.0000000,2026-09-12T17:18:44.0000000,31,
weather_openmeteo,api,FULL,pl_ingest_apis,SUCCEEDED,2026-09-12T17:18:13.2964081,2026-09-12T17:18:53.9788235,,2026-09-12T17:18:54.0000000,2026-09-12T17:19:18.0000000,24,
weather_openmeteo,api,FULL,pl_ingest_apis,SUCCEEDED,2026-09-12T17:18:53.9788235,2026-09-12T17:19:30.3025214,,2026-09-12T17:19:30.0000000,2026-09-12T17:20:00.0000000,30,
olist_orders,olist,FULL,pl_ingest_files,SUCCEEDED,2026-09-12T09:27:51.6757141,2026-09-12T17:31:12.6008927,1.0,2026-09-12T17:31:13.0000000,2026-09-12T17:31:51.0000000,38,
olist_order_items,olist,FULL,pl_ingest_files,SUCCEEDED,2026-09-12T09:28:41.1191842,2026-09-12T17:32:12.6905398,1.0,2026-09-12T17:32:13.0000000,2026-09-12T17:32:42.0000000,29,
olist_customers,olist,FULL,pl_ingest_files,SUCCEEDED,2026-09-12T09:29:26.4144142,2026-09-12T17:33:08.5381846,1.0,2026-09-12T17:33:09.0000000,2026-09-12T17:33:36.0000000,27,
olist_products,olist,FULL,pl_ingest_files,SUCCEEDED,2026-09-12T09:30:14.8063464,2026-09-12T17:33:50.2648675,1.0,2026-09-12T17:33:50.0000000,2026-09-12T17:34:19.0000000,29,
olist_sellers,olist,FULL,pl_ingest_files,SUCCEEDED,2026-09-12T09:31:04.4535083,2026-09-12T17:34:42.5378903,1.0,2026-09-12T17:34:43.0000000,2026-09-12T17:35:14.0000000,31,
olist_order_payments,olist,FULL,pl_ingest_files,SUCCEEDED,2026-09-12T09:31:45.7937643,2026-09-12T17:35:59.3360652,1.0,2026-09-12T17:35:59.0000000,2026-09-12T17:36:29.0000000,30,
olist_order_reviews,olist,FULL,pl_ingest_files,SUCCEEDED,2026-09-12T09:32:55.6500555,2026-09-12T17:36:54.9241444,1.0,2026-09-12T17:36:55.0000000,2026-09-12T17:37:22.0000000,27,
olist_geolocation,olist,FULL,pl_ingest_files,SUCCEEDED,2026-09-12T09:33:40.2741292,2026-09-12T17:37:37.2714887,1.0,2026-09-12T17:37:37.0000000,2026-09-12T17:38:06.0000000,29,
olist_category_xlat,olist,FULL,pl_ingest_files,SUCCEEDED,2026-09-12T09:34:33.4528507,2026-09-12T17:38:24.7961932,1.0,2026-09-12T17:38:25.0000000,2026-09-12T17:38:50.0000000,25,
br_merchant_snapshot,merchant_master,SNAPSHOT,pl_ingest_files,SUCCEEDED,2026-09-12T08:11:47.4128838,2026-09-12T17:39:01.8173366,22.0,2026-09-12T17:39:02.0000000,2026-09-12T17:39:29.0000000,27,
za_vendor_snapshot,merchant_master,SNAPSHOT,pl_ingest_files,SUCCEEDED,2026-09-12T08:12:41.7087981,2026-09-12T17:39:41.9989878,22.0,2026-09-12T17:39:42.0000000,2026-09-12T17:40:15.0000000,33,
za_orders,za_platform,INCREMENTAL,pl_ingest_files,SUCCEEDED,2026-09-12T16:43:10.5784421,2026-09-12T17:40:28.0813318,0.0,2026-09-12T17:40:28.0000000,2026-09-12T17:40:54.0000000,26,
za_order_lines,za_platform,INCREMENTAL,pl_ingest_files,SUCCEEDED,2026-09-12T16:44:17.5689017,2026-09-12T17:41:10.1313829,0.0,2026-09-12T17:41:10.0000000,2026-09-12T17:41:39.0000000,29,
za_customers,za_platform,INCREMENTAL,pl_ingest_files,SUCCEEDED,2026-09-12T16:45:00.1610992,2026-09-12T17:41:51.7227556,0.0,2026-09-12T17:41:52.0000000,2026-09-12T17:42:17.0000000,25,
za_refunds,za_platform,INCREMENTAL,pl_ingest_files,SUCCEEDED,2026-09-12T16:45:37.9590698,2026-09-12T17:42:43.4609595,0.0,2026-09-12T17:42:43.0000000,2026-09-12T17:43:11.0000000,28,
