ord_ref,buyer_ref,ord_dt,ord_state,dispatch_dt,received_dt,promised_dt
ZA-00002727,ZAC0022820,01/06/2017 20:09,COMPLETE,03/06/2017 00:36,04/06/2017 19:37,10/06/2017
ZA-00002728,ZAC0006525,01/06/2017 09:13,COMPLETE,06/06/2017 05:17,07/06/2017 11:24,13/06/2017
ZA-00002729,ZAC0010139,01/06/2017 13:54,COMPLETE,02/06/2017 23:13,07/06/2017 08:07,06/06/2017
ZA-00002730,ZAC0010585,01/06/2017 08:59,COMPLETE,03/06/2017 17:40,10/06/2017 14:03,08/06/2017
ZA-00002731,ZAC0007141,01/06/2017 06:43,COMPLETE,01/06/2017 20:03,05/06/2017 19:11,06/06/2017
ZA-00002732,ZAC0004616,01/06/2017 19:54,COMPLETE,02/06/2017 23:43,14/06/2017 10:01,07/06/2017
ZA-00002733,ZAC0020527,01/06/2017 06:22,COMPLETE,02/06/2017 16:40,05/06/2017 11:11,05/06/2017
ZA-00002734,ZAC0002026,01/06/2017 11:42,COMPLETE,06/06/2017 12:47,13/06/2017 09:19,10/06/2017
ZA-00002735,ZAC0000648,01/06/2017 07:24,COMPLETE,02/06/2017 18:25,06/06/2017 02:48,06/06/2017
ZA-00002736,ZAC0021486,01/06/2017 09:36,RETURNED,03/06/2017 14:11,04/06/2017 14:04,08/06/2017
ZA-00002737,ZAC0005412,01/06/2017 06:40,COMPLETE,02/06/2017 11:48,09/06/2017 14:12,07/06/2017
ZA-00002738,ZAC0020339,01/06/2017 20:24,COMPLETE,03/06/2017 15:22,08/06/2017 08:14,06/06/2017
ZA-00002739,ZAC0021586,01/06/2017 17:14,COMPLETE,02/06/2017 04:05,10/06/2017 01:53,05/06/2017
ZA-00002740,ZAC0023906,01/06/2017 21:34,COMPLETE,03/06/2017 05:21,05/06/2017 22:14,07/06/2017
ZA-00002741,ZAC0019697,01/06/2017 16:34,COMPLETE,02/06/2017 08:52,04/06/2017 06:24,06/06/2017
ZA-00002742,ZAC0017348,01/06/2017 14:16,COMPLETE,02/06/2017 09:04,02/06/2017 18:16,05/06/2017
ZA-00002743,ZAC0020658,01/06/2017 07:30,COMPLETE,02/06/2017 14:49,03/06/2017 16:04,06/06/2017
ZA-00002744,ZAC0017971,01/06/2017 13:18,COMPLETE,07/06/2017 00:41,15/06/2017 16:52,14/06/2017
ZA-00002745,ZAC0003942,01/06/2017 20:51,COMPLETE,05/06/2017 21:24,10/06/2017 05:39,09/06/2017
ZA-00002746,ZAC0016781,01/06/2017 18:20,COMPLETE,04/06/2017 10:07,10/06/2017 18:28,08/06/2017
ZA-00002747,ZAC0021368,02/06/2017 14:17,COMPLETE,07/06/2017 11:28,13/06/2017 17:35,10/06/2017
ZA-00002748,ZAC0013837,02/06/2017 18:39,COMPLETE,05/06/2017 04:48,13/06/2017 07:15,10/06/2017
ZA-00002749,ZAC0016892,02/06/2017 08:53,COMPLETE,04/06/2017 16:17,10/06/2017 00:46,09/06/2017
ZA-00002750,ZAC0001081,02/06/2017 16:55,COMPLETE,06/06/2017 10:16,08/06/2017 20:01,11/06/2017
ZA-00002751,ZAC0007763,02/06/2017 21:08,COMPLETE,04/06/2017 05:51,09/06/2017 00:34,11/06/2017
ZA-00002752,ZAC0017464,02/06/2017 22:20,COMPLETE,03/06/2017 23:38,05/06/2017 06:59,08/06/2017
ZA-00002753,ZAC0022321,02/06/2017 14:24,COMPLETE,09/06/2017 16:24,11/06/2017 03:25,14/06/2017
ZA-00002754,ZAC0015410,02/06/2017 17:08,COMPLETE,03/06/2017 05:40,09/06/2017 22:53,07/06/2017
ZA-00002755,ZAC0022773,02/06/2017 07:56,COMPLETE,05/06/2017 02:48,22/06/2017 00:46,10/06/2017
ZA-00002756,ZAC0022288,02/06/2017 19:01,COMPLETE,05/06/2017 05:35,06/06/2017 19:59,09/06/2017
ZA-00002757,ZAC0001880,02/06/2017 18:28,COMPLETE,04/06/2017 13:35,10/06/2017 16:38,09/06/2017
ZA-00002758,ZAC0008580,02/06/2017 19:24,COMPLETE,03/06/2017 22:12,04/06/2017 17:39,06/06/2017
ZA-00002759,ZAC0011072,02/06/2017 17:03,COMPLETE,08/06/2017 06:19,13/06/2017 00:38,11/06/2017
ZA-00002760,ZAC0010173,02/06/2017 18:05,COMPLETE,06/06/2017 02:10,16/06/2017 11:35,11/06/2017
ZA-00002761,ZAC0019409,02/06/2017 22:26,COMPLETE,07/06/2017 02:42,12/06/2017 05:07,11/06/2017
ZA-00002762,ZAC0015712,02/06/2017 20:47,COMPLETE,03/06/2017 19:52,07/06/2017 16:55,07/06/2017
ZA-00002763,ZAC0004440,02/06/2017 07:11,COMPLETE,07/06/2017 17:29,16/06/2017 01:04,12/06/2017
ZA-00002764,ZAC0007242,02/06/2017 19:50,COMPLETE,03/06/2017 01:03,08/06/2017 12:23,07/06/2017
ZA-00002765,ZAC0003551,02/06/2017 08:23,COMPLETE,03/06/2017 21:23,08/06/2017 12:45,06/06/2017
ZA-00002766,ZAC0022615,02/06/2017 12:27,COMPLETE,04/06/2017 04:56,09/06/2017 01:14,08/06/2017
ZA-00002767,ZAC0009749,02/06/2017 08:06,RETURNED,04/06/2017 20:58,12/06/2017 04:23,08/06/2017
ZA-00002768,ZAC0021759,02/06/2017 17:50,COMPLETE,03/06/2017 05:08,08/06/2017 04:48,10/06/2017
ZA-00002769,ZAC0022527,02/06/2017 19:46,COMPLETE,06/06/2017 19:05,11/06/2017 18:41,11/06/2017
ZA-00002770,ZAC0009600,02/06/2017 07:58,COMPLETE,03/06/2017 05:04,05/06/2017 20:40,10/06/2017
ZA-00002771,ZAC0008123,02/06/2017 19:20,COMPLETE,08/06/2017 19:18,16/06/2017 12:15,13/06/2017
ZA-00002772,ZAC0001737,02/06/2017 20:41,RETURNED,04/06/2017 01:52,10/06/2017 01:31,08/06/2017
ZA-00002773,ZAC0014936,02/06/2017 08:07,COMPLETE,03/06/2017 03:57,14/06/2017 20:31,08/06/2017
ZA-00002774,ZAC0001618,02/06/2017 13:26,COMPLETE,03/06/2017 15:14,07/06/2017 02:00,10/06/2017
ZA-00002775,ZAC0021521,02/06/2017 06:25,COMPLETE,03/06/2017 12:06,05/06/2017 08:54,07/06/2017
ZA-00002776,ZAC0013065,02/06/2017 18:45,COMPLETE,04/06/2017 04:03,07/06/2017 07:26,08/06/2017
ZA-00002777,ZAC0003379,02/06/2017 12:06,COMPLETE,03/06/2017 17:58,10/06/2017 07:51,10/06/2017
ZA-00002778,ZAC0002916,02/06/2017 08:31,COMPLETE,03/06/2017 23:30,12/06/2017 11:21,07/06/2017
ZA-00002779,ZAC0001408,03/06/2017 17:15,COMPLETE,07/06/2017 00:06,12/06/2017 05:26,17/06/2017
ZA-00002780,ZAC0002676,03/06/2017 14:22,COMPLETE,05/06/2017 08:00,13/06/2017 08:09,08/06/2017
ZA-00002781,ZAC0007422,03/06/2017 07:54,COMPLETE,04/06/2017 01:41,07/06/2017 08:38,08/06/2017
ZA-00002782,ZAC0005233,03/06/2017 10:29,COMPLETE,06/06/2017 04:03,08/06/2017 03:56,10/06/2017
ZA-00002783,ZAC0022691,03/06/2017 11:56,COMPLETE,04/06/2017 23:18,14/06/2017 08:49,14/06/2017
ZA-00002784,ZAC0014743,03/06/2017 10:07,COMPLETE,05/06/2017 10:45,07/06/2017 04:26,10/06/2017
ZA-00002785,ZAC0000721,03/06/2017 15:10,COMPLETE,04/06/2017 11:51,07/06/2017 19:56,08/06/2017
ZA-00002786,ZAC0015276,03/06/2017 22:30,COMPLETE,05/06/2017 12:31,09/06/2017 12:48,12/06/2017
ZA-00002787,ZAC0011268,03/06/2017 14:33,COMPLETE,04/06/2017 01:40,08/06/2017 04:07,07/06/2017
ZA-00002788,ZAC0012662,03/06/2017 20:25,COMPLETE,05/06/2017 09:43,06/06/2017 10:37,10/06/2017
ZA-00002789,ZAC0012455,03/06/2017 07:14,COMPLETE,10/06/2017 07:33,16/06/2017 10:27,13/06/2017
ZA-00002790,ZAC0019163,03/06/2017 14:57,COMPLETE,04/06/2017 05:55,05/06/2017 21:48,09/06/2017
ZA-00002791,ZAC0000191,03/06/2017 19:06,COMPLETE,05/06/2017 04:31,06/06/2017 17:45,12/06/2017
ZA-00002792,ZAC0008876,03/06/2017 13:49,COMPLETE,04/06/2017 09:11,08/06/2017 13:11,08/06/2017
ZA-00002793,ZAC0015870,03/06/2017 18:29,COMPLETE,06/06/2017 03:46,09/06/2017 03:14,16/06/2017
ZA-00002794,ZAC0003683,03/06/2017 10:00,CANCELLED,,,
ZA-00002795,ZAC0001342,03/06/2017 07:59,COMPLETE,04/06/2017 01:36,13/06/2017 19:43,08/06/2017
ZA-00002796,ZAC0018996,03/06/2017 07:34,COMPLETE,04/06/2017 04:35,05/06/2017 16:49,09/06/2017
ZA-00002797,ZAC0006423,03/06/2017 17:06,COMPLETE,07/06/2017 03:59,10/06/2017 21:29,10/06/2017
ZA-00002798,ZAC0005473,03/06/2017 08:57,COMPLETE,06/06/2017 14:02,13/06/2017 04:36,11/06/2017
ZA-00002799,ZAC0012203,03/06/2017 20:02,COMPLETE,05/06/2017 10:34,09/06/2017 04:54,09/06/2017
ZA-00002800,ZAC0020110,03/06/2017 12:14,COMPLETE,06/06/2017 09:32,10/06/2017 15:54,16/06/2017
ZA-00002801,ZAC0006654,03/06/2017 12:46,COMPLETE,05/06/2017 04:26,14/06/2017 11:13,15/06/2017
ZA-00002802,ZAC0003712,03/06/2017 11:21,COMPLETE,05/06/2017 08:59,06/06/2017 02:35,12/06/2017
ZA-00002803,ZAC0010520,03/06/2017 13:07,COMPLETE,04/06/2017 00:27,08/06/2017 02:27,08/06/2017
ZA-00002804,ZAC0007303,03/06/2017 10:27,COMPLETE,10/06/2017 06:48,15/06/2017 07:58,14/06/2017
ZA-00002805,ZAC0014194,03/06/2017 09:17,RETURNED,03/06/2017 11:17,04/06/2017 16:34,10/06/2017
ZA-00002806,ZAC0023269,03/06/2017 16:33,COMPLETE,05/06/2017 03:46,07/06/2017 13:38,09/06/2017
ZA-00002807,ZAC0011226,03/06/2017 06:41,COMPLETE,03/06/2017 19:05,04/06/2017 18:13,08/06/2017
ZA-00002808,ZAC0000553,03/06/2017 07:37,COMPLETE,10/06/2017 21:34,12/06/2017 10:40,13/06/2017
ZA-00002809,ZAC0016506,03/06/2017 14:59,DISPATCHED,04/06/2017 06:10,,07/06/2017
ZA-00002810,ZAC0010330,03/06/2017 18:55,COMPLETE,07/06/2017 04:37,07/06/2017 21:57,11/06/2017
ZA-00002811,ZAC0015482,03/06/2017 12:38,COMPLETE,06/06/2017 08:26,12/06/2017 08:50,10/06/2017
ZA-00002812,ZAC0000726,03/06/2017 10:22,COMPLETE,07/06/2017 03:34,14/06/2017 18:20,11/06/2017
ZA-00002813,ZAC0011059,03/06/2017 06:58,COMPLETE,04/06/2017 12:47,12/06/2017 23:37,09/06/2017
ZA-00002814,ZAC0003241,03/06/2017 14:33,COMPLETE,04/06/2017 04:28,04/06/2017 11:33,08/06/2017
ZA-00002815,ZAC0012179,03/06/2017 20:07,COMPLETE,05/06/2017 00:24,10/06/2017 03:26,10/06/2017
ZA-00002816,ZAC0004469,03/06/2017 18:28,COMPLETE,06/06/2017 19:19,09/06/2017 02:08,11/06/2017
ZA-00002817,ZAC0009935,03/06/2017 20:14,COMPLETE,06/06/2017 15:11,09/06/2017 21:17,09/06/2017
ZA-00002818,ZAC0007957,03/06/2017 06:06,COMPLETE,05/06/2017 09:32,06/06/2017 15:29,09/06/2017
ZA-00002819,ZAC0015817,03/06/2017 09:30,COMPLETE,05/06/2017 02:59,15/06/2017 06:34,09/06/2017
ZA-00002820,ZAC0001161,03/06/2017 10:55,COMPLETE,04/06/2017 17:41,05/06/2017 06:16,14/06/2017
ZA-00002821,ZAC0015747,03/06/2017 07:50,COMPLETE,06/06/2017 02:47,08/06/2017 07:16,13/06/2017
ZA-00002822,ZAC0015903,03/06/2017 07:54,COMPLETE,05/06/2017 21:40,07/06/2017 23:30,09/06/2017
ZA-00002823,ZAC0023743,03/06/2017 22:25,COMPLETE,05/06/2017 09:34,06/06/2017 14:28,08/06/2017
ZA-00002824,ZAC0010560,04/06/2017 08:37,COMPLETE,06/06/2017 11:33,10/06/2017 07:57,11/06/2017
ZA-00002825,ZAC0006169,04/06/2017 10:29,COMPLETE,06/06/2017 02:21,08/06/2017 01:01,13/06/2017
ZA-00002826,ZAC0011205,04/06/2017 22:16,COMPLETE,05/06/2017 18:23,12/06/2017 09:41,10/06/2017
ZA-00002827,ZAC0020966,04/06/2017 07:14,COMPLETE,07/06/2017 05:46,15/06/2017 01:28,11/06/2017
ZA-00002828,ZAC0003982,04/06/2017 06:59,COMPLETE,05/06/2017 09:12,09/06/2017 23:41,10/06/2017
ZA-00002829,ZAC0010066,04/06/2017 22:59,COMPLETE,07/06/2017 00:19,11/06/2017 07:23,10/06/2017
ZA-00002830,ZAC0004442,04/06/2017 17:05,COMPLETE,06/06/2017 14:28,08/06/2017 19:51,16/06/2017
ZA-00002831,ZAC0016972,04/06/2017 11:06,COMPLETE,06/06/2017 01:48,09/06/2017 14:31,10/06/2017
ZA-00002832,ZAC0007624,04/06/2017 09:17,COMPLETE,05/06/2017 10:30,14/06/2017 18:41,12/06/2017
ZA-00002833,ZAC0008400,04/06/2017 06:51,COMPLETE,06/06/2017 17:33,08/06/2017 07:56,13/06/2017
ZA-00002834,ZAC0017480,04/06/2017 06:20,COMPLETE,07/06/2017 21:35,10/06/2017 23:46,17/06/2017
ZA-00002835,ZAC0001219,04/06/2017 07:28,CANCELLED,,,
ZA-00002836,ZAC0000922,04/06/2017 13:10,CANCELLED,,,
ZA-00002837,ZAC0022780,04/06/2017 08:23,COMPLETE,05/06/2017 01:19,10/06/2017 12:58,09/06/2017
ZA-00002838,ZAC0007131,04/06/2017 11:13,PENDING,,,
ZA-00002839,ZAC0018478,04/06/2017 10:10,COMPLETE,06/06/2017 09:41,09/06/2017 12:55,11/06/2017
ZA-00002840,ZAC0018579,04/06/2017 10:38,COMPLETE,06/06/2017 00:54,11/06/2017 20:31,13/06/2017
ZA-00002841,ZAC0014532,04/06/2017 11:41,COMPLETE,07/06/2017 07:47,11/06/2017 02:14,11/06/2017
ZA-00002842,ZAC0004530,04/06/2017 13:51,COMPLETE,05/06/2017 23:24,08/06/2017 04:18,08/06/2017
ZA-00002843,ZAC0002866,04/06/2017 18:44,COMPLETE,06/06/2017 17:04,09/06/2017 09:25,11/06/2017
ZA-00002844,ZAC0011189,04/06/2017 06:20,COMPLETE,08/06/2017 05:38,10/06/2017 04:23,13/06/2017
ZA-00002845,ZAC0005126,04/06/2017 09:44,COMPLETE,10/06/2017 00:25,12/06/2017 12:09,15/06/2017
ZA-00002846,ZAC0000065,04/06/2017 20:48,COMPLETE,06/06/2017 11:01,08/06/2017 04:59,11/06/2017
ZA-00002847,ZAC0004777,04/06/2017 15:34,PENDING,,,
ZA-00002848,ZAC0014727,04/06/2017 20:56,COMPLETE,06/06/2017 20:45,08/06/2017 19:51,11/06/2017
ZA-00002849,ZAC0023913,04/06/2017 12:42,COMPLETE,08/06/2017 10:40,17/06/2017 10:04,12/06/2017
ZA-00002850,ZAC0023310,04/06/2017 14:44,COMPLETE,04/06/2017 17:53,06/06/2017 05:24,08/06/2017
ZA-00002851,ZAC0005550,04/06/2017 17:48,COMPLETE,06/06/2017 02:30,06/06/2017 22:20,09/06/2017
ZA-00002852,ZAC0019068,04/06/2017 06:51,COMPLETE,04/06/2017 19:13,10/06/2017 12:03,08/06/2017
ZA-00002853,ZAC0022394,04/06/2017 14:50,COMPLETE,05/06/2017 11:11,07/06/2017 14:46,10/06/2017
ZA-00002854,ZAC0020134,04/06/2017 16:46,COMPLETE,07/06/2017 05:17,11/06/2017 05:40,12/06/2017
ZA-00002855,ZAC0012556,04/06/2017 11:09,COMPLETE,05/06/2017 17:20,08/06/2017 06:40,12/06/2017
ZA-00002856,ZAC0007106,04/06/2017 12:20,COMPLETE,06/06/2017 13:06,10/06/2017 18:50,16/06/2017
ZA-00002857,ZAC0005843,04/06/2017 06:23,COMPLETE,05/06/2017 05:08,10/06/2017 13:13,08/06/2017
ZA-00002858,ZAC0007332,04/06/2017 20:39,COMPLETE,05/06/2017 21:47,07/06/2017 05:47,09/06/2017
ZA-00002859,ZAC0020917,04/06/2017 20:40,DISPATCHED,07/06/2017 07:02,,11/06/2017
ZA-00002860,ZAC0015114,04/06/2017 07:02,COMPLETE,06/06/2017 22:47,10/06/2017 07:00,11/06/2017
ZA-00002861,ZAC0021044,04/06/2017 06:53,COMPLETE,04/06/2017 11:22,07/06/2017 18:49,07/06/2017
ZA-00002862,ZAC0015074,05/06/2017 19:04,COMPLETE,06/06/2017 05:11,09/06/2017 09:45,10/06/2017
ZA-00002863,ZAC0004523,05/06/2017 19:00,COMPLETE,06/06/2017 17:58,10/06/2017 20:18,09/06/2017
ZA-00002864,ZAC0013069,05/06/2017 06:04,COMPLETE,06/06/2017 05:25,11/06/2017 01:16,13/06/2017
ZA-00002865,ZAC0019848,05/06/2017 12:42,COMPLETE,07/06/2017 14:30,13/06/2017 15:28,14/06/2017
ZA-00002866,ZAC0023192,05/06/2017 06:10,RETURNED,06/06/2017 00:27,07/06/2017 08:13,10/06/2017
ZA-00002867,ZAC0021689,05/06/2017 07:34,COMPLETE,07/06/2017 05:01,09/06/2017 16:16,10/06/2017
ZA-00002868,ZAC0012000,05/06/2017 12:26,COMPLETE,08/06/2017 07:57,12/06/2017 11:38,13/06/2017
ZA-00002869,ZAC0008716,05/06/2017 17:39,COMPLETE,08/06/2017 18:52,13/06/2017 23:18,13/06/2017
ZA-00002870,ZAC0023659,05/06/2017 19:07,DISPATCHED,08/06/2017 13:44,,11/06/2017
ZA-00002871,ZAC0001366,05/06/2017 17:52,COMPLETE,08/06/2017 17:27,12/06/2017 02:37,13/06/2017
ZA-00002872,ZAC0007129,05/06/2017 08:24,COMPLETE,06/06/2017 02:04,17/06/2017 16:21,13/06/2017
ZA-00002873,ZAC0000446,05/06/2017 09:57,COMPLETE,06/06/2017 19:26,08/06/2017 19:44,11/06/2017
ZA-00002874,ZAC0008590,05/06/2017 15:31,COMPLETE,07/06/2017 11:09,14/06/2017 09:01,10/06/2017
ZA-00002875,ZAC0001832,05/06/2017 22:58,COMPLETE,12/06/2017 01:17,22/06/2017 00:40,16/06/2017
ZA-00002876,ZAC0001682,05/06/2017 09:50,COMPLETE,07/06/2017 23:18,15/06/2017 15:44,14/06/2017
ZA-00002877,ZAC0022553,05/06/2017 08:25,COMPLETE,05/06/2017 18:26,11/06/2017 12:44,15/06/2017
ZA-00002878,ZAC0016557,05/06/2017 19:02,COMPLETE,09/06/2017 02:35,18/06/2017 06:03,14/06/2017
ZA-00002879,ZAC0002979,05/06/2017 21:51,COMPLETE,07/06/2017 04:22,12/06/2017 09:38,12/06/2017
ZA-00002880,ZAC0013803,05/06/2017 09:13,PENDING,,,
ZA-00002881,ZAC0022065,05/06/2017 14:42,COMPLETE,07/06/2017 14:55,09/06/2017 23:36,17/06/2017
ZA-00002882,ZAC0020748,05/06/2017 18:45,COMPLETE,08/06/2017 11:33,13/06/2017 02:16,11/06/2017
ZA-00002883,ZAC0013799,05/06/2017 14:31,COMPLETE,07/06/2017 03:13,22/06/2017 06:26,10/06/2017
ZA-00002884,ZAC0012804,05/06/2017 07:52,CANCELLED,,,
ZA-00002885,ZAC0001938,05/06/2017 09:35,COMPLETE,09/06/2017 17:53,12/06/2017 11:22,16/06/2017
ZA-00002886,ZAC0020965,05/06/2017 12:30,COMPLETE,08/06/2017 13:04,10/06/2017 23:06,13/06/2017
ZA-00002887,ZAC0005383,05/06/2017 07:20,COMPLETE,06/06/2017 18:37,12/06/2017 04:12,09/06/2017
ZA-00002888,ZAC0004010,05/06/2017 17:48,COMPLETE,06/06/2017 05:09,09/06/2017 19:02,10/06/2017
ZA-00002889,ZAC0008437,05/06/2017 09:50,COMPLETE,07/06/2017 10:53,12/06/2017 16:58,11/06/2017
ZA-00002890,ZAC0017596,05/06/2017 11:14,DISPATCHED,07/06/2017 00:28,,17/06/2017
ZA-00002891,ZAC0010426,05/06/2017 16:41,COMPLETE,09/06/2017 15:20,14/06/2017 15:33,13/06/2017
ZA-00002892,ZAC0017498,05/06/2017 11:04,RETURNED,09/06/2017 02:53,16/06/2017 08:18,14/06/2017
ZA-00002893,ZAC0012417,05/06/2017 15:12,COMPLETE,08/06/2017 20:48,15/06/2017 16:50,12/06/2017
ZA-00002894,ZAC0021916,05/06/2017 21:59,COMPLETE,07/06/2017 20:59,10/06/2017 11:18,12/06/2017
ZA-00002895,ZAC0022204,05/06/2017 11:20,COMPLETE,05/06/2017 20:53,13/06/2017 19:02,08/06/2017
ZA-00002896,ZAC0002957,05/06/2017 08:22,COMPLETE,07/06/2017 02:08,10/06/2017 04:15,12/06/2017
ZA-00002897,ZAC0013000,05/06/2017 18:45,COMPLETE,10/06/2017 23:16,13/06/2017 19:38,14/06/2017
ZA-00002898,ZAC0012859,05/06/2017 20:40,COMPLETE,06/06/2017 10:41,14/06/2017 21:08,10/06/2017
ZA-00002899,ZAC0016895,05/06/2017 19:06,COMPLETE,06/06/2017 21:56,08/06/2017 20:40,11/06/2017
ZA-00002900,ZAC0003565,05/06/2017 07:16,COMPLETE,07/06/2017 08:51,11/06/2017 04:00,14/06/2017
ZA-00002901,ZAC0021982,05/06/2017 19:24,COMPLETE,09/06/2017 13:04,15/06/2017 00:50,13/06/2017
ZA-00002902,ZAC0006999,05/06/2017 13:26,COMPLETE,07/06/2017 14:52,08/06/2017 10:42,14/06/2017
ZA-00002903,ZAC0019371,05/06/2017 14:33,COMPLETE,06/06/2017 10:03,12/06/2017 04:14,10/06/2017
ZA-00002904,ZAC0002371,06/06/2017 22:06,COMPLETE,07/06/2017 23:59,11/06/2017 05:22,14/06/2017
ZA-00002905,ZAC0008017,06/06/2017 17:02,COMPLETE,10/06/2017 13:45,16/06/2017 22:24,15/06/2017
ZA-00002906,ZAC0010390,06/06/2017 20:05,COMPLETE,09/06/2017 03:51,15/06/2017 13:20,12/06/2017
ZA-00002907,ZAC0002104,06/06/2017 17:55,COMPLETE,08/06/2017 05:47,09/06/2017 12:37,13/06/2017
ZA-00002908,ZAC0011932,06/06/2017 09:54,COMPLETE,08/06/2017 03:15,13/06/2017 20:10,15/06/2017
ZA-00002909,ZAC0009952,06/06/2017 11:14,COMPLETE,10/06/2017 16:59,13/06/2017 16:51,14/06/2017
ZA-00002910,ZAC0010073,06/06/2017 12:04,COMPLETE,08/06/2017 15:28,10/06/2017 03:36,11/06/2017
ZA-00002911,ZAC0004278,06/06/2017 06:38,COMPLETE,08/06/2017 01:32,12/06/2017 06:27,11/06/2017
ZA-00002912,ZAC0012057,06/06/2017 17:59,COMPLETE,08/06/2017 15:37,13/06/2017 11:44,15/06/2017
ZA-00002913,ZAC0023949,06/06/2017 12:44,COMPLETE,06/06/2017 18:12,08/06/2017 05:00,11/06/2017
ZA-00002914,ZAC0023176,06/06/2017 15:29,COMPLETE,11/06/2017 20:58,13/06/2017 13:17,21/06/2017
ZA-00002915,ZAC0003250,06/06/2017 08:27,COMPLETE,11/06/2017 01:57,17/06/2017 17:22,16/06/2017
ZA-00002916,ZAC0022321,06/06/2017 17:59,COMPLETE,07/06/2017 07:46,09/06/2017 15:11,11/06/2017
ZA-00002917,ZAC0021200,06/06/2017 11:47,COMPLETE,07/06/2017 19:12,09/06/2017 07:05,10/06/2017
ZA-00002918,ZAC0014839,06/06/2017 17:19,CANCELLED,,,
ZA-00002919,ZAC0008967,06/06/2017 13:02,COMPLETE,07/06/2017 03:25,08/06/2017 22:09,11/06/2017
ZA-00002920,ZAC0001861,06/06/2017 09:15,COMPLETE,07/06/2017 05:40,12/06/2017 17:26,11/06/2017
ZA-00002921,ZAC0004615,06/06/2017 11:49,COMPLETE,07/06/2017 01:22,09/06/2017 16:42,10/06/2017
ZA-00002922,ZAC0015534,06/06/2017 12:27,COMPLETE,07/06/2017 03:05,08/06/2017 01:58,14/06/2017
ZA-00002923,ZAC0019559,06/06/2017 11:55,COMPLETE,10/06/2017 10:49,12/06/2017 11:03,13/06/2017
ZA-00002924,ZAC0023560,06/06/2017 13:06,COMPLETE,08/06/2017 01:37,11/06/2017 04:54,12/06/2017
ZA-00002925,ZAC0021691,06/06/2017 13:21,COMPLETE,07/06/2017 03:35,12/06/2017 20:53,11/06/2017
ZA-00002926,ZAC0013903,06/06/2017 22:36,COMPLETE,08/06/2017 17:08,20/06/2017 02:12,13/06/2017
ZA-00002927,ZAC0004298,06/06/2017 22:20,COMPLETE,10/06/2017 12:45,12/06/2017 20:57,17/06/2017
ZA-00002928,ZAC0002425,06/06/2017 15:42,COMPLETE,09/06/2017 17:32,12/06/2017 06:38,14/06/2017
ZA-00002929,ZAC0016932,06/06/2017 17:21,COMPLETE,11/06/2017 01:21,18/06/2017 12:05,16/06/2017
ZA-00002930,ZAC0022541,06/06/2017 13:46,RETURNED,08/06/2017 14:20,14/06/2017 10:26,11/06/2017
ZA-00002931,ZAC0010017,06/06/2017 08:32,RETURNED,14/06/2017 02:02,15/06/2017 12:15,19/06/2017
ZA-00002932,ZAC0009576,06/06/2017 13:19,PENDING,,,
ZA-00002933,ZAC0023922,07/06/2017 19:30,COMPLETE,11/06/2017 11:36,18/06/2017 21:11,15/06/2017
ZA-00002934,ZAC0001483,07/06/2017 10:46,COMPLETE,11/06/2017 02:53,18/06/2017 13:19,15/06/2017
ZA-00002935,ZAC0007788,07/06/2017 22:32,COMPLETE,09/06/2017 19:53,13/06/2017 08:26,13/06/2017
ZA-00002936,ZAC0000276,07/06/2017 13:09,COMPLETE,10/06/2017 04:55,12/06/2017 10:08,20/06/2017
ZA-00002937,ZAC0015681,07/06/2017 08:57,COMPLETE,11/06/2017 11:02,20/06/2017 11:24,14/06/2017
ZA-00002938,ZAC0010919,07/06/2017 06:48,COMPLETE,08/06/2017 16:37,11/06/2017 03:21,12/06/2017
ZA-00002939,ZAC0012034,07/06/2017 11:47,COMPLETE,07/06/2017 22:00,12/06/2017 15:03,11/06/2017
ZA-00002940,ZAC0020995,07/06/2017 16:25,COMPLETE,09/06/2017 16:15,15/06/2017 21:40,14/06/2017
ZA-00002941,ZAC0009602,07/06/2017 08:42,COMPLETE,07/06/2017 19:06,09/06/2017 09:27,10/06/2017
ZA-00002942,ZAC0013819,07/06/2017 09:44,COMPLETE,15/06/2017 03:27,17/06/2017 08:33,20/06/2017
ZA-00002943,ZAC0007665,07/06/2017 22:44,COMPLETE,09/06/2017 16:50,11/06/2017 04:48,14/06/2017
ZA-00002944,ZAC0004177,07/06/2017 16:34,RETURNED,09/06/2017 05:19,11/06/2017 18:52,12/06/2017
ZA-00002945,ZAC0016028,07/06/2017 22:15,COMPLETE,10/06/2017 01:41,14/06/2017 23:17,13/06/2017
ZA-00002946,ZAC0013802,07/06/2017 19:12,COMPLETE,09/06/2017 04:47,12/06/2017 13:57,12/06/2017
ZA-00002947,ZAC0019035,07/06/2017 12:36,COMPLETE,08/06/2017 23:35,13/06/2017 12:25,12/06/2017
ZA-00002948,ZAC0010813,07/06/2017 10:04,COMPLETE,09/06/2017 09:55,15/06/2017 18:31,13/06/2017
ZA-00002949,ZAC0016975,07/06/2017 17:27,COMPLETE,09/06/2017 04:57,13/06/2017 22:01,13/06/2017
ZA-00002950,ZAC0013600,07/06/2017 18:07,COMPLETE,08/06/2017 14:51,10/06/2017 12:26,13/06/2017
ZA-00002951,ZAC0001609,07/06/2017 15:30,COMPLETE,09/06/2017 08:04,12/06/2017 07:05,16/06/2017
ZA-00002952,ZAC0013339,07/06/2017 12:06,COMPLETE,08/06/2017 01:20,13/06/2017 18:40,13/06/2017
ZA-00002953,ZAC0023963,07/06/2017 22:46,COMPLETE,08/06/2017 23:10,11/06/2017 22:35,12/06/2017
ZA-00002954,ZAC0007494,07/06/2017 12:07,COMPLETE,09/06/2017 10:22,22/06/2017 05:00,13/06/2017
ZA-00002955,ZAC0006901,07/06/2017 18:51,COMPLETE,09/06/2017 04:16,14/06/2017 02:49,19/06/2017
ZA-00002956,ZAC0000057,07/06/2017 10:52,COMPLETE,10/06/2017 05:29,20/06/2017 04:02,14/06/2017
ZA-00002957,ZAC0003037,07/06/2017 11:51,COMPLETE,09/06/2017 17:14,12/06/2017 06:27,13/06/2017
ZA-00002958,ZAC0004383,07/06/2017 14:37,COMPLETE,09/06/2017 07:02,09/06/2017 21:54,16/06/2017
ZA-00002959,ZAC0011077,07/06/2017 18:52,COMPLETE,10/06/2017 07:33,12/06/2017 23:32,15/06/2017
ZA-00002960,ZAC0007816,07/06/2017 21:01,COMPLETE,08/06/2017 03:26,22/06/2017 20:19,18/06/2017
ZA-00002961,ZAC0010398,07/06/2017 22:55,COMPLETE,09/06/2017 21:47,15/06/2017 03:10,12/06/2017
ZA-00002962,ZAC0020469,07/06/2017 21:00,COMPLETE,08/06/2017 13:05,09/06/2017 15:01,18/06/2017
ZA-00002963,ZAC0014515,07/06/2017 14:39,COMPLETE,09/06/2017 05:31,17/06/2017 02:50,13/06/2017
ZA-00002964,ZAC0017110,07/06/2017 11:23,COMPLETE,09/06/2017 15:27,17/06/2017 15:23,13/06/2017
ZA-00002965,ZAC0011991,08/06/2017 07:28,COMPLETE,10/06/2017 18:15,12/06/2017 19:10,17/06/2017
ZA-00002966,ZAC0003014,08/06/2017 15:12,COMPLETE,12/06/2017 20:23,17/06/2017 13:56,17/06/2017
ZA-00002967,ZAC0013061,08/06/2017 11:38,CANCELLED,,,
ZA-00002968,ZAC0013588,08/06/2017 20:33,COMPLETE,09/06/2017 12:23,12/06/2017 06:22,14/06/2017
ZA-00002969,ZAC0009791,08/06/2017 16:05,COMPLETE,11/06/2017 13:02,15/06/2017 16:21,21/06/2017
ZA-00002970,ZAC0007379,08/06/2017 11:48,COMPLETE,10/06/2017 06:36,13/06/2017 16:53,13/06/2017
ZA-00002971,ZAC0002617,08/06/2017 20:04,COMPLETE,12/06/2017 15:51,18/06/2017 13:09,17/06/2017
ZA-00002972,ZAC0004846,08/06/2017 18:05,COMPLETE,09/06/2017 00:19,16/06/2017 03:32,14/06/2017
ZA-00002973,ZAC0010056,08/06/2017 20:49,COMPLETE,10/06/2017 11:22,14/06/2017 12:49,15/06/2017
ZA-00002974,ZAC0002978,08/06/2017 15:09,COMPLETE,12/06/2017 19:25,15/06/2017 17:50,17/06/2017
ZA-00002975,ZAC0020035,08/06/2017 15:11,COMPLETE,08/06/2017 20:21,13/06/2017 15:15,13/06/2017
ZA-00002976,ZAC0023918,08/06/2017 08:04,COMPLETE,10/06/2017 01:03,12/06/2017 12:23,20/06/2017
ZA-00002977,ZAC0003290,08/06/2017 20:17,CANCELLED,,,
ZA-00002978,ZAC0016055,08/06/2017 17:54,COMPLETE,10/06/2017 14:13,16/06/2017 03:49,14/06/2017
ZA-00002979,ZAC0010678,08/06/2017 14:29,COMPLETE,09/06/2017 12:49,11/06/2017 23:22,14/06/2017
ZA-00002980,ZAC0020105,08/06/2017 18:01,COMPLETE,09/06/2017 23:29,11/06/2017 14:57,13/06/2017
ZA-00002981,ZAC0009335,08/06/2017 11:53,COMPLETE,11/06/2017 22:39,18/06/2017 12:54,18/06/2017
ZA-00002982,ZAC0016050,08/06/2017 13:46,COMPLETE,09/06/2017 18:58,10/06/2017 21:10,16/06/2017
ZA-00002983,ZAC0020076,08/06/2017 19:39,COMPLETE,10/06/2017 15:43,14/06/2017 14:57,15/06/2017
ZA-00002984,ZAC0005458,08/06/2017 17:06,COMPLETE,11/06/2017 20:59,23/06/2017 01:52,15/06/2017
ZA-00002985,ZAC0005233,08/06/2017 06:12,COMPLETE,09/06/2017 02:18,13/06/2017 15:38,13/06/2017
ZA-00002986,ZAC0004746,08/06/2017 09:37,COMPLETE,09/06/2017 06:44,15/06/2017 23:44,19/06/2017
ZA-00002987,ZAC0007801,08/06/2017 13:42,COMPLETE,10/06/2017 04:46,11/06/2017 11:55,17/06/2017
ZA-00002988,ZAC0018443,08/06/2017 22:27,COMPLETE,09/06/2017 15:44,15/06/2017 08:22,19/06/2017
ZA-00002989,ZAC0011663,08/06/2017 17:12,COMPLETE,10/06/2017 14:40,12/06/2017 18:18,17/06/2017
ZA-00002990,ZAC0017756,08/06/2017 18:09,COMPLETE,09/06/2017 16:18,15/06/2017 19:54,14/06/2017
ZA-00002991,ZAC0020528,08/06/2017 12:22,COMPLETE,08/06/2017 21:18,10/06/2017 12:32,11/06/2017
ZA-00002992,ZAC0017415,08/06/2017 09:41,DISPATCHED,09/06/2017 10:11,,12/06/2017
ZA-00002993,ZAC0019745,08/06/2017 11:21,COMPLETE,16/06/2017 13:28,17/06/2017 08:06,21/06/2017
ZA-00002994,ZAC0002804,08/06/2017 22:38,COMPLETE,11/06/2017 13:59,15/06/2017 15:07,15/06/2017
ZA-00002995,ZAC0019251,08/06/2017 19:32,CANCELLED,,,
ZA-00002996,ZAC0016358,08/06/2017 17:13,COMPLETE,09/06/2017 08:40,11/06/2017 10:08,14/06/2017
ZA-00002997,ZAC0016351,08/06/2017 22:25,COMPLETE,12/06/2017 05:57,16/06/2017 15:33,19/06/2017
ZA-00002998,ZAC0014653,08/06/2017 12:45,COMPLETE,09/06/2017 01:07,15/06/2017 03:06,16/06/2017
ZA-00002999,ZAC0013695,08/06/2017 15:33,COMPLETE,09/06/2017 03:51,10/06/2017 22:08,12/06/2017
ZA-00003000,ZAC0004820,08/06/2017 09:38,COMPLETE,10/06/2017 04:13,15/06/2017 20:10,17/06/2017
ZA-00003001,ZAC0000995,08/06/2017 12:16,COMPLETE,10/06/2017 05:35,21/06/2017 04:06,14/06/2017
ZA-00003002,ZAC0012050,08/06/2017 10:36,COMPLETE,12/06/2017 15:16,19/06/2017 04:54,16/06/2017
ZA-00003003,ZAC0009603,08/06/2017 15:43,COMPLETE,09/06/2017 06:46,13/06/2017 15:42,12/06/2017
ZA-00003004,ZAC0006579,08/06/2017 22:31,COMPLETE,11/06/2017 14:23,17/06/2017 01:17,15/06/2017
ZA-00003005,ZAC0022421,08/06/2017 10:05,COMPLETE,12/06/2017 04:21,14/06/2017 09:35,19/06/2017
ZA-00003006,ZAC0013371,08/06/2017 13:36,COMPLETE,09/06/2017 21:54,16/06/2017 16:13,14/06/2017
ZA-00003007,ZAC0020521,08/06/2017 16:01,COMPLETE,10/06/2017 02:23,14/06/2017 10:27,20/06/2017
ZA-00003008,ZAC0020779,08/06/2017 12:01,COMPLETE,10/06/2017 14:30,14/06/2017 09:29,14/06/2017
ZA-00003009,ZAC0013442,09/06/2017 18:52,COMPLETE,12/06/2017 02:54,15/06/2017 10:32,15/06/2017
ZA-00003010,ZAC0023915,09/06/2017 16:18,COMPLETE,12/06/2017 00:28,15/06/2017 21:13,17/06/2017
ZA-00003011,ZAC0010693,09/06/2017 09:48,COMPLETE,12/06/2017 11:06,24/06/2017 02:45,22/06/2017
ZA-00003012,ZAC0008866,09/06/2017 12:16,COMPLETE,11/06/2017 05:45,12/06/2017 17:55,14/06/2017
ZA-00003013,ZAC0004594,09/06/2017 17:01,COMPLETE,11/06/2017 16:05,16/06/2017 19:17,18/06/2017
ZA-00003014,ZAC0010388,09/06/2017 10:08,COMPLETE,11/06/2017 08:19,14/06/2017 14:52,18/06/2017
ZA-00003015,ZAC0000305,09/06/2017 11:50,COMPLETE,11/06/2017 07:52,14/06/2017 16:59,16/06/2017
ZA-00003016,ZAC0000528,09/06/2017 17:25,COMPLETE,11/06/2017 11:39,13/06/2017 18:55,14/06/2017
ZA-00003017,ZAC0002632,09/06/2017 18:30,COMPLETE,11/06/2017 15:04,14/06/2017 15:30,18/06/2017
ZA-00003018,ZAC0007022,09/06/2017 22:15,COMPLETE,10/06/2017 10:35,18/06/2017 16:15,17/06/2017
ZA-00003019,ZAC0021963,09/06/2017 09:19,COMPLETE,10/06/2017 19:29,18/06/2017 09:27,20/06/2017
ZA-00003020,ZAC0023885,09/06/2017 09:19,COMPLETE,14/06/2017 08:20,14/06/2017 16:27,21/06/2017
ZA-00003021,ZAC0019354,09/06/2017 13:33,COMPLETE,10/06/2017 06:47,13/06/2017 04:25,14/06/2017
ZA-00003022,ZAC0010778,09/06/2017 14:07,COMPLETE,13/06/2017 00:13,20/06/2017 16:07,16/06/2017
ZA-00003023,ZAC0004470,09/06/2017 20:53,COMPLETE,11/06/2017 12:02,18/06/2017 11:33,15/06/2017
ZA-00003024,ZAC0003408,09/06/2017 09:39,COMPLETE,09/06/2017 20:53,19/06/2017 15:45,19/06/2017
ZA-00003025,ZAC0016819,09/06/2017 21:12,COMPLETE,11/06/2017 06:20,11/06/2017 08:21,18/06/2017
ZA-00003026,ZAC0022839,09/06/2017 22:50,COMPLETE,10/06/2017 04:39,11/06/2017 12:15,13/06/2017
ZA-00003027,ZAC0009353,09/06/2017 22:28,COMPLETE,11/06/2017 19:31,15/06/2017 04:44,15/06/2017
ZA-00003028,ZAC0019268,09/06/2017 15:03,COMPLETE,10/06/2017 03:59,13/06/2017 00:32,15/06/2017
ZA-00003029,ZAC0020824,09/06/2017 14:03,COMPLETE,12/06/2017 14:35,15/06/2017 12:52,15/06/2017
ZA-00003030,ZAC0004858,09/06/2017 21:28,COMPLETE,16/06/2017 21:54,20/06/2017 23:52,20/06/2017
ZA-00003031,ZAC0001776,09/06/2017 14:58,COMPLETE,11/06/2017 13:02,23/06/2017 22:16,14/06/2017
ZA-00003032,ZAC0022006,09/06/2017 19:31,COMPLETE,13/06/2017 02:54,21/06/2017 18:59,23/06/2017
ZA-00003033,ZAC0023232,09/06/2017 10:07,COMPLETE,11/06/2017 06:19,18/06/2017 14:02,15/06/2017
ZA-00003034,ZAC0019356,09/06/2017 07:45,COMPLETE,12/06/2017 07:02,14/06/2017 01:53,19/06/2017
ZA-00003035,ZAC0000311,09/06/2017 16:44,COMPLETE,10/06/2017 15:37,12/06/2017 21:59,14/06/2017
ZA-00003036,ZAC0001600,09/06/2017 09:59,COMPLETE,11/06/2017 06:13,21/06/2017 03:16,16/06/2017
ZA-00003037,ZAC0015687,09/06/2017 15:36,COMPLETE,11/06/2017 12:12,12/06/2017 19:43,18/06/2017
ZA-00003038,ZAC0018369,09/06/2017 08:32,COMPLETE,11/06/2017 03:29,12/06/2017 05:58,14/06/2017
ZA-00003039,ZAC0018453,09/06/2017 18:19,COMPLETE,11/06/2017 05:43,21/06/2017 05:11,21/06/2017
ZA-00003040,ZAC0008674,09/06/2017 22:56,COMPLETE,11/06/2017 20:55,16/06/2017 06:08,15/06/2017
ZA-00003041,ZAC0008458,09/06/2017 07:20,COMPLETE,11/06/2017 12:29,11/06/2017 21:59,18/06/2017
ZA-00003042,ZAC0005147,09/06/2017 10:57,COMPLETE,10/06/2017 17:23,16/06/2017 03:06,20/06/2017
ZA-00003043,ZAC0009536,09/06/2017 06:29,COMPLETE,11/06/2017 09:14,14/06/2017 13:39,15/06/2017
ZA-00003044,ZAC0001573,09/06/2017 16:10,COMPLETE,12/06/2017 07:51,15/06/2017 15:40,17/06/2017
ZA-00003045,ZAC0005158,10/06/2017 12:08,COMPLETE,12/06/2017 08:37,20/06/2017 19:35,19/06/2017
ZA-00003046,ZAC0022563,10/06/2017 17:11,COMPLETE,11/06/2017 03:07,16/06/2017 03:09,16/06/2017
ZA-00003047,ZAC0007860,10/06/2017 12:02,COMPLETE,10/06/2017 19:10,26/06/2017 16:22,14/06/2017
ZA-00003048,ZAC0023275,10/06/2017 13:55,CANCELLED,,,
ZA-00003049,ZAC0011321,10/06/2017 07:22,COMPLETE,13/06/2017 19:11,17/06/2017 00:35,23/06/2017
ZA-00003050,ZAC0023230,10/06/2017 09:18,CANCELLED,,,
ZA-00003051,ZAC0022117,10/06/2017 12:38,COMPLETE,12/06/2017 12:29,13/06/2017 02:56,19/06/2017
ZA-00003052,ZAC0010095,10/06/2017 20:54,COMPLETE,12/06/2017 05:45,12/06/2017 23:36,17/06/2017
ZA-00003053,ZAC0013364,10/06/2017 07:59,COMPLETE,11/06/2017 00:53,15/06/2017 10:41,18/06/2017
ZA-00003054,ZAC0017932,10/06/2017 10:08,COMPLETE,10/06/2017 17:48,16/06/2017 05:07,15/06/2017
ZA-00003055,ZAC0019498,10/06/2017 08:38,COMPLETE,14/06/2017 05:48,16/06/2017 23:04,21/06/2017
ZA-00003056,ZAC0011000,10/06/2017 09:06,COMPLETE,12/06/2017 01:53,14/06/2017 15:23,22/06/2017
ZA-00003057,ZAC0003206,10/06/2017 21:22,COMPLETE,15/06/2017 17:07,22/06/2017 03:42,20/06/2017
ZA-00003058,ZAC0005755,10/06/2017 20:17,COMPLETE,11/06/2017 05:59,12/06/2017 02:59,15/06/2017
ZA-00003059,ZAC0017028,10/06/2017 15:38,COMPLETE,13/06/2017 17:32,16/06/2017 19:47,17/06/2017
ZA-00003060,ZAC0001041,10/06/2017 16:46,COMPLETE,12/06/2017 06:56,17/06/2017 08:46,19/06/2017
ZA-00003061,ZAC0006311,10/06/2017 08:44,COMPLETE,11/06/2017 14:58,14/06/2017 06:22,14/06/2017
ZA-00003062,ZAC0003795,10/06/2017 08:08,COMPLETE,11/06/2017 19:15,13/06/2017 23:54,15/06/2017
ZA-00003063,ZAC0022236,10/06/2017 06:33,COMPLETE,13/06/2017 05:30,14/06/2017 07:17,16/06/2017
ZA-00003064,ZAC0018754,10/06/2017 18:44,COMPLETE,13/06/2017 19:07,19/06/2017 22:21,16/06/2017
ZA-00003065,ZAC0019721,10/06/2017 09:59,COMPLETE,15/06/2017 21:39,18/06/2017 16:46,20/06/2017
ZA-00003066,ZAC0006337,10/06/2017 21:33,DISPATCHED,12/06/2017 02:26,,19/06/2017
ZA-00003067,ZAC0011160,10/06/2017 12:05,COMPLETE,11/06/2017 06:00,18/06/2017 17:03,21/06/2017
ZA-00003068,ZAC0010769,10/06/2017 11:25,COMPLETE,14/06/2017 04:18,16/06/2017 16:02,24/06/2017
ZA-00003069,ZAC0020668,10/06/2017 13:54,CANCELLED,,,
ZA-00003070,ZAC0013749,10/06/2017 08:33,COMPLETE,17/06/2017 04:37,18/06/2017 01:44,21/06/2017
ZA-00003071,ZAC0013678,10/06/2017 12:57,COMPLETE,11/06/2017 12:21,24/06/2017 16:25,16/06/2017
ZA-00003072,ZAC0001533,10/06/2017 19:53,COMPLETE,11/06/2017 23:12,12/06/2017 06:09,18/06/2017
ZA-00003073,ZAC0013808,10/06/2017 19:48,DISPATCHED,11/06/2017 10:43,,21/06/2017
ZA-00003074,ZAC0004915,10/06/2017 16:42,COMPLETE,12/06/2017 00:40,19/06/2017 01:38,19/06/2017
ZA-00003075,ZAC0009981,11/06/2017 07:46,COMPLETE,15/06/2017 12:16,21/06/2017 04:16,20/06/2017
ZA-00003076,ZAC0012093,11/06/2017 10:58,COMPLETE,15/06/2017 02:31,18/06/2017 04:37,18/06/2017
ZA-00003077,ZAC0010447,11/06/2017 18:28,COMPLETE,17/06/2017 04:30,21/06/2017 05:25,20/06/2017
ZA-00003078,ZAC0012614,11/06/2017 14:35,COMPLETE,12/06/2017 00:01,14/06/2017 09:00,19/06/2017
ZA-00003079,ZAC0009583,11/06/2017 09:52,COMPLETE,12/06/2017 06:32,27/06/2017 08:35,16/06/2017
ZA-00003080,ZAC0016782,11/06/2017 14:55,COMPLETE,14/06/2017 08:38,19/06/2017 09:37,21/06/2017
ZA-00003081,ZAC0010678,11/06/2017 17:39,COMPLETE,13/06/2017 02:24,17/06/2017 14:24,18/06/2017
ZA-00003082,ZAC0022619,11/06/2017 14:35,COMPLETE,17/06/2017 01:35,22/06/2017 21:32,22/06/2017
ZA-00003083,ZAC0015357,11/06/2017 22:53,COMPLETE,13/06/2017 21:10,20/06/2017 03:52,16/06/2017
ZA-00003084,ZAC0006435,11/06/2017 13:19,CANCELLED,,,
ZA-00003085,ZAC0019933,11/06/2017 20:13,DISPATCHED,12/06/2017 20:01,,17/06/2017
ZA-00003086,ZAC0021016,11/06/2017 17:03,COMPLETE,12/06/2017 02:49,18/06/2017 07:57,15/06/2017
ZA-00003087,ZAC0005379,11/06/2017 08:26,COMPLETE,12/06/2017 22:48,18/06/2017 09:02,15/06/2017
ZA-00003088,ZAC0002537,11/06/2017 14:45,RETURNED,13/06/2017 21:06,16/06/2017 13:31,20/06/2017
ZA-00003089,ZAC0023635,11/06/2017 22:59,COMPLETE,12/06/2017 21:25,15/06/2017 15:30,16/06/2017
ZA-00003090,ZAC0013121,11/06/2017 08:32,COMPLETE,13/06/2017 07:43,17/06/2017 05:14,17/06/2017
ZA-00003091,ZAC0001124,11/06/2017 15:16,COMPLETE,12/06/2017 23:35,14/06/2017 08:25,16/06/2017
ZA-00003092,ZAC0008675,11/06/2017 11:24,COMPLETE,13/06/2017 11:51,15/06/2017 06:43,18/06/2017
ZA-00003093,ZAC0019359,11/06/2017 16:02,COMPLETE,12/06/2017 21:28,16/06/2017 00:51,17/06/2017
ZA-00003094,ZAC0021931,11/06/2017 10:57,COMPLETE,15/06/2017 01:51,18/06/2017 13:33,20/06/2017
ZA-00003095,ZAC0018362,11/06/2017 17:56,COMPLETE,15/06/2017 03:00,20/06/2017 11:44,22/06/2017
ZA-00003096,ZAC0001121,11/06/2017 10:37,COMPLETE,12/06/2017 15:24,21/06/2017 13:14,16/06/2017
ZA-00003097,ZAC0015737,11/06/2017 10:26,COMPLETE,12/06/2017 04:54,13/06/2017 15:49,16/06/2017
ZA-00003098,ZAC0022672,11/06/2017 22:06,COMPLETE,16/06/2017 03:51,19/06/2017 11:27,21/06/2017
ZA-00003099,ZAC0015388,11/06/2017 20:01,PENDING,,,
ZA-00003100,ZAC0004137,11/06/2017 08:17,COMPLETE,15/06/2017 13:27,18/06/2017 03:01,25/06/2017
ZA-00003101,ZAC0021746,11/06/2017 20:44,COMPLETE,14/06/2017 11:23,17/06/2017 20:47,19/06/2017
ZA-00003102,ZAC0013405,11/06/2017 17:06,COMPLETE,13/06/2017 13:26,16/06/2017 14:53,17/06/2017
ZA-00003103,ZAC0000701,11/06/2017 19:07,COMPLETE,12/06/2017 06:11,15/06/2017 14:30,17/06/2017
ZA-00003104,ZAC0022593,11/06/2017 08:21,COMPLETE,14/06/2017 22:47,19/06/2017 18:10,19/06/2017
ZA-00003105,ZAC0005585,11/06/2017 16:42,COMPLETE,12/06/2017 10:07,15/06/2017 18:53,16/06/2017
ZA-00003106,ZAC0013839,11/06/2017 17:48,COMPLETE,12/06/2017 11:43,18/06/2017 13:49,16/06/2017
ZA-00003107,ZAC0013420,12/06/2017 09:20,COMPLETE,12/06/2017 17:07,15/06/2017 15:51,16/06/2017
ZA-00003108,ZAC0023955,12/06/2017 11:31,COMPLETE,13/06/2017 13:03,14/06/2017 03:49,17/06/2017
ZA-00003109,ZAC0016781,12/06/2017 06:29,COMPLETE,13/06/2017 15:08,20/06/2017 18:27,23/06/2017
ZA-00003110,ZAC0000231,12/06/2017 15:24,COMPLETE,18/06/2017 09:56,21/06/2017 06:14,22/06/2017
ZA-00003111,ZAC0017788,12/06/2017 09:39,COMPLETE,13/06/2017 23:10,15/06/2017 19:22,16/06/2017
ZA-00003112,ZAC0021400,12/06/2017 06:41,COMPLETE,16/06/2017 06:10,21/06/2017 13:41,21/06/2017
ZA-00003113,ZAC0006748,12/06/2017 10:12,COMPLETE,14/06/2017 23:51,20/06/2017 02:05,17/06/2017
ZA-00003114,ZAC0012933,12/06/2017 16:39,COMPLETE,15/06/2017 12:53,16/06/2017 20:07,22/06/2017
ZA-00003115,ZAC0012956,12/06/2017 06:01,COMPLETE,16/06/2017 05:11,16/06/2017 22:11,21/06/2017
ZA-00003116,ZAC0009075,12/06/2017 15:11,COMPLETE,14/06/2017 05:15,18/06/2017 05:25,17/06/2017
ZA-00003117,ZAC0021482,12/06/2017 15:46,COMPLETE,13/06/2017 22:44,18/06/2017 21:25,17/06/2017
ZA-00003118,ZAC0022563,12/06/2017 06:39,COMPLETE,12/06/2017 18:07,15/06/2017 16:13,17/06/2017
ZA-00003119,ZAC0001096,12/06/2017 13:23,COMPLETE,15/06/2017 00:27,20/06/2017 01:50,19/06/2017
ZA-00003120,ZAC0021108,12/06/2017 22:10,COMPLETE,14/06/2017 22:47,26/06/2017 08:57,17/06/2017
ZA-00003121,ZAC0002182,12/06/2017 07:20,COMPLETE,12/06/2017 22:43,20/06/2017 01:17,19/06/2017
ZA-00003122,ZAC0005092,12/06/2017 15:32,COMPLETE,15/06/2017 17:51,18/06/2017 16:47,25/06/2017
ZA-00003123,ZAC0012743,12/06/2017 17:25,COMPLETE,14/06/2017 13:23,19/06/2017 18:01,21/06/2017
ZA-00003124,ZAC0015915,12/06/2017 21:07,COMPLETE,17/06/2017 22:59,25/06/2017 00:51,24/06/2017
ZA-00003125,ZAC0004469,12/06/2017 11:15,COMPLETE,17/06/2017 00:25,19/06/2017 20:10,20/06/2017
ZA-00003126,ZAC0007830,12/06/2017 20:05,COMPLETE,16/06/2017 16:31,20/06/2017 17:31,19/06/2017
ZA-00003127,ZAC0009895,12/06/2017 06:07,DISPATCHED,12/06/2017 10:29,,22/06/2017
ZA-00003128,ZAC0011472,12/06/2017 14:01,COMPLETE,13/06/2017 07:23,19/06/2017 14:59,16/06/2017
ZA-00003129,ZAC0003442,12/06/2017 12:10,COMPLETE,15/06/2017 08:46,19/06/2017 04:29,25/06/2017
ZA-00003130,ZAC0000597,12/06/2017 17:47,DISPATCHED,14/06/2017 13:31,,19/06/2017
ZA-00003131,ZAC0005050,12/06/2017 12:43,COMPLETE,13/06/2017 19:54,14/06/2017 10:21,20/06/2017
ZA-00003132,ZAC0016452,12/06/2017 13:26,COMPLETE,15/06/2017 18:48,17/06/2017 04:46,22/06/2017
ZA-00003133,ZAC0015474,13/06/2017 20:10,PENDING,,,
ZA-00003134,ZAC0013075,13/06/2017 16:37,COMPLETE,15/06/2017 15:14,17/06/2017 23:38,19/06/2017
ZA-00003135,ZAC0000431,13/06/2017 21:11,COMPLETE,16/06/2017 14:12,25/06/2017 19:43,20/06/2017
ZA-00003136,ZAC0017349,13/06/2017 15:17,COMPLETE,16/06/2017 06:56,21/06/2017 00:57,21/06/2017
ZA-00003137,ZAC0020777,13/06/2017 12:22,CANCELLED,,,
ZA-00003138,ZAC0006005,13/06/2017 22:56,COMPLETE,17/06/2017 11:29,22/06/2017 09:15,21/06/2017
ZA-00003139,ZAC0017105,13/06/2017 12:57,COMPLETE,13/06/2017 18:02,14/06/2017 22:20,16/06/2017
ZA-00003140,ZAC0000300,13/06/2017 16:14,PENDING,,,
ZA-00003141,ZAC0011186,13/06/2017 08:59,COMPLETE,15/06/2017 21:05,17/06/2017 05:53,19/06/2017
ZA-00003142,ZAC0005917,13/06/2017 13:16,COMPLETE,14/06/2017 22:55,18/06/2017 22:44,18/06/2017
ZA-00003143,ZAC0013313,13/06/2017 10:09,COMPLETE,16/06/2017 09:13,17/06/2017 04:26,26/06/2017
ZA-00003144,ZAC0000580,13/06/2017 07:27,COMPLETE,15/06/2017 01:45,17/06/2017 20:15,18/06/2017
ZA-00003145,ZAC0009815,13/06/2017 09:59,COMPLETE,15/06/2017 05:23,20/06/2017 07:16,18/06/2017
ZA-00003146,ZAC0012490,13/06/2017 07:09,COMPLETE,14/06/2017 07:32,24/06/2017 19:42,19/06/2017
ZA-00003147,ZAC0000759,13/06/2017 14:37,COMPLETE,14/06/2017 12:29,17/06/2017 18:31,19/06/2017
ZA-00003148,ZAC0017134,13/06/2017 10:36,COMPLETE,16/06/2017 11:39,22/06/2017 10:54,20/06/2017
ZA-00003149,ZAC0015381,13/06/2017 19:05,COMPLETE,15/06/2017 19:27,22/06/2017 19:53,19/06/2017
ZA-00003150,ZAC0002324,13/06/2017 09:49,COMPLETE,14/06/2017 10:03,15/06/2017 05:13,19/06/2017
ZA-00003151,ZAC0002804,13/06/2017 10:44,COMPLETE,13/06/2017 16:17,14/06/2017 18:28,18/06/2017
ZA-00003152,ZAC0017310,13/06/2017 17:59,COMPLETE,16/06/2017 01:24,20/06/2017 05:39,21/06/2017
ZA-00003153,ZAC0002418,13/06/2017 15:51,COMPLETE,16/06/2017 05:00,18/06/2017 12:06,26/06/2017
ZA-00003154,ZAC0002334,13/06/2017 07:10,COMPLETE,14/06/2017 08:25,21/06/2017 23:18,19/06/2017
ZA-00003155,ZAC0023327,13/06/2017 06:26,COMPLETE,13/06/2017 21:51,17/06/2017 01:08,18/06/2017
ZA-00003156,ZAC0010006,13/06/2017 19:37,COMPLETE,17/06/2017 12:21,28/06/2017 03:02,21/06/2017
ZA-00003157,ZAC0008079,13/06/2017 22:19,COMPLETE,14/06/2017 11:25,23/06/2017 00:06,18/06/2017
ZA-00003158,ZAC0011844,13/06/2017 09:16,CANCELLED,,,
ZA-00003159,ZAC0002347,13/06/2017 10:28,DISPATCHED,15/06/2017 13:54,,19/06/2017
ZA-00003160,ZAC0005481,13/06/2017 09:21,DISPATCHED,15/06/2017 12:44,,19/06/2017
ZA-00003161,ZAC0010333,13/06/2017 21:17,PENDING,,,
ZA-00003162,ZAC0010723,13/06/2017 18:06,COMPLETE,19/06/2017 03:44,23/06/2017 21:44,22/06/2017
ZA-00003163,ZAC0005954,13/06/2017 14:27,DISPATCHED,16/06/2017 06:07,,19/06/2017
ZA-00003164,ZAC0008142,13/06/2017 17:21,COMPLETE,17/06/2017 01:32,20/06/2017 02:45,20/06/2017
ZA-00003165,ZAC0016368,13/06/2017 15:47,COMPLETE,14/06/2017 16:43,19/06/2017 13:30,18/06/2017
ZA-00003166,ZAC0003282,13/06/2017 15:18,COMPLETE,15/06/2017 11:51,21/06/2017 03:09,20/06/2017
ZA-00003167,ZAC0002053,14/06/2017 12:36,COMPLETE,15/06/2017 08:42,28/06/2017 23:56,22/06/2017
ZA-00003168,ZAC0001607,14/06/2017 13:10,COMPLETE,15/06/2017 04:42,22/06/2017 12:57,18/06/2017
ZA-00003169,ZAC0010037,14/06/2017 12:56,COMPLETE,18/06/2017 06:59,22/06/2017 06:33,25/06/2017
ZA-00003170,ZAC0023479,14/06/2017 21:06,COMPLETE,15/06/2017 14:38,24/06/2017 06:09,18/06/2017
ZA-00003171,ZAC0004127,14/06/2017 14:26,COMPLETE,16/06/2017 03:23,19/06/2017 14:04,20/06/2017
ZA-00003172,ZAC0006812,14/06/2017 06:07,COMPLETE,14/06/2017 20:08,17/06/2017 18:52,18/06/2017
ZA-00003173,ZAC0004639,14/06/2017 09:21,COMPLETE,15/06/2017 19:38,20/06/2017 03:55,22/06/2017
ZA-00003174,ZAC0016398,14/06/2017 20:16,RETURNED,17/06/2017 20:10,24/06/2017 01:40,21/06/2017
ZA-00003175,ZAC0019141,14/06/2017 11:50,COMPLETE,16/06/2017 08:51,21/06/2017 23:05,26/06/2017
ZA-00003176,ZAC0010076,14/06/2017 20:03,COMPLETE,15/06/2017 22:43,18/06/2017 01:48,22/06/2017
ZA-00003177,ZAC0001743,14/06/2017 16:15,COMPLETE,15/06/2017 15:31,18/06/2017 17:47,20/06/2017
ZA-00003178,ZAC0017039,14/06/2017 13:32,COMPLETE,17/06/2017 08:18,24/06/2017 01:14,22/06/2017
ZA-00003179,ZAC0006859,14/06/2017 19:13,COMPLETE,15/06/2017 14:29,19/06/2017 00:53,22/06/2017
ZA-00003180,ZAC0005593,14/06/2017 09:08,RETURNED,15/06/2017 03:45,16/06/2017 20:37,18/06/2017
ZA-00003181,ZAC0008595,14/06/2017 12:44,COMPLETE,16/06/2017 23:06,22/06/2017 03:33,21/06/2017
ZA-00003182,ZAC0007528,14/06/2017 08:04,COMPLETE,16/06/2017 01:48,18/06/2017 20:51,23/06/2017
ZA-00003183,ZAC0006269,14/06/2017 12:18,COMPLETE,14/06/2017 23:29,18/06/2017 22:48,19/06/2017
ZA-00003184,ZAC0010177,14/06/2017 16:56,COMPLETE,17/06/2017 04:18,20/06/2017 16:10,24/06/2017
ZA-00003185,ZAC0015094,14/06/2017 09:05,COMPLETE,16/06/2017 17:06,23/06/2017 17:43,23/06/2017
ZA-00003186,ZAC0013349,14/06/2017 16:49,COMPLETE,16/06/2017 20:30,16/06/2017 22:51,19/06/2017
ZA-00003187,ZAC0018817,14/06/2017 16:47,COMPLETE,15/06/2017 18:14,16/06/2017 11:43,19/06/2017
ZA-00003188,ZAC0016370,14/06/2017 09:34,COMPLETE,17/06/2017 10:31,19/06/2017 01:38,21/06/2017
ZA-00003189,ZAC0019206,14/06/2017 18:13,COMPLETE,16/06/2017 16:32,26/06/2017 23:57,21/06/2017
ZA-00003190,ZAC0001589,14/06/2017 13:30,COMPLETE,14/06/2017 19:31,20/06/2017 04:23,19/06/2017
ZA-00003191,ZAC0017736,14/06/2017 17:52,COMPLETE,15/06/2017 03:51,18/06/2017 20:08,18/06/2017
ZA-00003192,ZAC0005738,14/06/2017 12:51,COMPLETE,16/06/2017 11:24,23/06/2017 17:36,23/06/2017
ZA-00003193,ZAC0021874,14/06/2017 20:46,COMPLETE,18/06/2017 17:49,25/06/2017 12:32,22/06/2017
ZA-00003194,ZAC0011337,14/06/2017 06:44,COMPLETE,17/06/2017 14:43,21/06/2017 23:29,27/06/2017
ZA-00003195,ZAC0019017,15/06/2017 06:58,COMPLETE,15/06/2017 11:25,20/06/2017 23:31,19/06/2017
ZA-00003196,ZAC0008990,15/06/2017 08:06,COMPLETE,22/06/2017 02:10,26/06/2017 13:22,25/06/2017
ZA-00003197,ZAC0020371,15/06/2017 07:01,COMPLETE,17/06/2017 13:55,21/06/2017 11:22,24/06/2017
ZA-00003198,ZAC0004153,15/06/2017 16:47,COMPLETE,18/06/2017 13:38,20/06/2017 12:47,23/06/2017
ZA-00003199,ZAC0019487,15/06/2017 11:56,COMPLETE,15/06/2017 18:24,22/06/2017 18:08,18/06/2017
ZA-00003200,ZAC0018531,15/06/2017 14:56,COMPLETE,17/06/2017 19:57,24/06/2017 23:56,22/06/2017
ZA-00003201,ZAC0009509,15/06/2017 12:12,COMPLETE,17/06/2017 08:24,27/06/2017 01:38,24/06/2017
ZA-00003202,ZAC0003793,15/06/2017 13:02,COMPLETE,20/06/2017 07:27,26/06/2017 07:07,24/06/2017
ZA-00003203,ZAC0023474,15/06/2017 22:25,COMPLETE,18/06/2017 01:46,24/06/2017 22:17,22/06/2017
ZA-00003204,ZAC0003978,15/06/2017 13:04,COMPLETE,16/06/2017 19:59,22/06/2017 08:32,19/06/2017
ZA-00003205,ZAC0021690,15/06/2017 17:13,COMPLETE,19/06/2017 14:20,20/06/2017 22:21,26/06/2017
ZA-00003206,ZAC0017130,15/06/2017 07:40,COMPLETE,17/06/2017 01:18,19/06/2017 20:53,22/06/2017
ZA-00003207,ZAC0006998,15/06/2017 22:23,COMPLETE,16/06/2017 21:40,22/06/2017 11:34,23/06/2017
ZA-00003208,ZAC0011675,15/06/2017 08:54,COMPLETE,16/06/2017 01:38,21/06/2017 08:50,23/06/2017
ZA-00003209,ZAC0015716,15/06/2017 21:42,CANCELLED,,,
ZA-00003210,ZAC0023088,15/06/2017 17:53,COMPLETE,17/06/2017 12:04,19/06/2017 14:17,20/06/2017
ZA-00003211,ZAC0022106,15/06/2017 14:36,COMPLETE,18/06/2017 03:03,28/06/2017 13:25,22/06/2017
ZA-00003212,ZAC0008449,15/06/2017 07:49,COMPLETE,26/06/2017 20:47,30/06/2017 22:36,03/07/2017
ZA-00003213,ZAC0015513,15/06/2017 22:29,COMPLETE,17/06/2017 06:11,22/06/2017 14:30,21/06/2017
ZA-00003214,ZAC0001329,15/06/2017 19:14,COMPLETE,16/06/2017 09:40,19/06/2017 23:47,20/06/2017
ZA-00003215,ZAC0014858,15/06/2017 11:14,COMPLETE,17/06/2017 13:28,19/06/2017 18:23,24/06/2017
ZA-00003216,ZAC0021498,15/06/2017 12:34,COMPLETE,16/06/2017 00:48,17/06/2017 11:35,19/06/2017
ZA-00003217,ZAC0016823,15/06/2017 17:18,COMPLETE,19/06/2017 11:02,20/06/2017 23:16,23/06/2017
ZA-00003218,ZAC0003376,15/06/2017 19:06,COMPLETE,16/06/2017 05:54,21/06/2017 08:15,19/06/2017
ZA-00003219,ZAC0012635,15/06/2017 18:27,COMPLETE,20/06/2017 18:40,24/06/2017 19:35,24/06/2017
ZA-00003220,ZAC0000840,15/06/2017 22:06,COMPLETE,16/06/2017 15:25,18/06/2017 07:47,20/06/2017
ZA-00003221,ZAC0001008,16/06/2017 10:13,COMPLETE,16/06/2017 15:42,19/06/2017 21:38,19/06/2017
ZA-00003222,ZAC0006955,16/06/2017 16:41,COMPLETE,17/06/2017 06:21,21/06/2017 20:45,20/06/2017
ZA-00003223,ZAC0014133,16/06/2017 09:44,COMPLETE,19/06/2017 04:25,23/06/2017 09:25,23/06/2017
ZA-00003224,ZAC0012598,16/06/2017 20:50,COMPLETE,21/06/2017 09:11,26/06/2017 00:33,25/06/2017
ZA-00003225,ZAC0005932,16/06/2017 14:29,COMPLETE,18/06/2017 06:37,22/06/2017 04:49,21/06/2017
ZA-00003226,ZAC0008009,16/06/2017 18:39,COMPLETE,16/06/2017 21:56,19/06/2017 23:05,19/06/2017
ZA-00003227,ZAC0000830,16/06/2017 09:42,COMPLETE,18/06/2017 13:19,19/06/2017 13:14,25/06/2017
ZA-00003228,ZAC0023042,16/06/2017 08:52,COMPLETE,17/06/2017 21:01,23/06/2017 00:45,24/06/2017
ZA-00003229,ZAC0019742,16/06/2017 22:09,COMPLETE,20/06/2017 11:06,25/06/2017 10:06,27/06/2017
ZA-00003230,ZAC0023735,16/06/2017 12:43,COMPLETE,19/06/2017 06:44,19/06/2017 10:34,23/06/2017
ZA-00003231,ZAC0010620,16/06/2017 16:53,COMPLETE,18/06/2017 15:04,20/06/2017 14:44,21/06/2017
ZA-00003232,ZAC0017379,16/06/2017 14:02,COMPLETE,17/06/2017 06:40,24/06/2017 13:36,21/06/2017
ZA-00003233,ZAC0020313,16/06/2017 17:33,COMPLETE,18/06/2017 15:28,20/06/2017 02:34,28/06/2017
ZA-00003234,ZAC0006959,16/06/2017 15:13,COMPLETE,17/06/2017 03:02,20/06/2017 12:11,20/06/2017
ZA-00003235,ZAC0001943,16/06/2017 21:47,COMPLETE,17/06/2017 03:10,26/06/2017 09:43,21/06/2017
ZA-00003236,ZAC0017035,16/06/2017 10:46,COMPLETE,19/06/2017 18:12,24/06/2017 17:22,26/06/2017
ZA-00003237,ZAC0011566,16/06/2017 19:25,COMPLETE,17/06/2017 20:40,20/06/2017 08:23,21/06/2017
ZA-00003238,ZAC0013636,16/06/2017 14:25,COMPLETE,21/06/2017 10:43,26/06/2017 08:48,25/06/2017
ZA-00003239,ZAC0021848,16/06/2017 19:18,COMPLETE,18/06/2017 13:31,21/06/2017 19:43,28/06/2017
ZA-00003240,ZAC0009825,16/06/2017 09:26,CANCELLED,,,
ZA-00003241,ZAC0003531,16/06/2017 11:33,COMPLETE,18/06/2017 20:52,27/06/2017 20:19,22/06/2017
ZA-00003242,ZAC0011556,16/06/2017 16:05,COMPLETE,18/06/2017 19:16,20/06/2017 20:12,23/06/2017
ZA-00003243,ZAC0012803,16/06/2017 07:27,COMPLETE,19/06/2017 05:46,23/06/2017 06:07,26/06/2017
ZA-00003244,ZAC0012329,16/06/2017 17:31,COMPLETE,17/06/2017 05:18,19/06/2017 03:29,22/06/2017
ZA-00003245,ZAC0023661,16/06/2017 10:24,COMPLETE,20/06/2017 01:00,26/06/2017 00:19,24/06/2017
ZA-00003246,ZAC0006769,16/06/2017 07:41,COMPLETE,19/06/2017 10:37,25/06/2017 13:38,22/06/2017
ZA-00003247,ZAC0010131,16/06/2017 20:22,COMPLETE,18/06/2017 11:27,28/06/2017 13:14,25/06/2017
ZA-00003248,ZAC0001012,16/06/2017 08:13,COMPLETE,21/06/2017 03:17,27/06/2017 08:06,25/06/2017
ZA-00003249,ZAC0010874,16/06/2017 18:24,COMPLETE,20/06/2017 03:54,22/06/2017 22:48,25/06/2017
ZA-00003250,ZAC0001100,16/06/2017 15:24,COMPLETE,19/06/2017 14:13,24/06/2017 19:39,26/06/2017
ZA-00003251,ZAC0014593,16/06/2017 21:57,COMPLETE,18/06/2017 07:20,19/06/2017 17:14,22/06/2017
ZA-00003252,ZAC0006231,17/06/2017 10:53,COMPLETE,22/06/2017 01:46,23/06/2017 01:09,26/06/2017
ZA-00003253,ZAC0022216,17/06/2017 17:23,COMPLETE,20/06/2017 13:37,27/06/2017 20:43,24/06/2017
ZA-00003254,ZAC0016570,17/06/2017 22:04,COMPLETE,19/06/2017 13:10,27/06/2017 03:09,23/06/2017
ZA-00003255,ZAC0013794,17/06/2017 15:23,COMPLETE,20/06/2017 01:22,26/06/2017 06:42,25/06/2017
ZA-00003256,ZAC0003522,17/06/2017 15:40,COMPLETE,20/06/2017 12:42,29/06/2017 04:27,24/06/2017
ZA-00003257,ZAC0005543,17/06/2017 06:24,COMPLETE,19/06/2017 07:59,20/06/2017 11:09,23/06/2017
ZA-00003258,ZAC0018863,17/06/2017 15:49,COMPLETE,19/06/2017 01:57,23/06/2017 03:42,24/06/2017
ZA-00003259,ZAC0014653,17/06/2017 22:43,COMPLETE,20/06/2017 18:32,22/06/2017 10:13,25/06/2017
ZA-00003260,ZAC0021693,17/06/2017 15:18,PENDING,,,
ZA-00003261,ZAC0010347,17/06/2017 13:57,COMPLETE,18/06/2017 18:18,25/06/2017 10:11,23/06/2017
ZA-00003262,ZAC0000653,17/06/2017 20:56,COMPLETE,19/06/2017 01:27,30/06/2017 01:05,23/06/2017
ZA-00003263,ZAC0002043,17/06/2017 12:07,COMPLETE,17/06/2017 18:36,22/06/2017 19:48,20/06/2017
ZA-00003264,ZAC0007496,17/06/2017 08:46,COMPLETE,18/06/2017 08:58,20/06/2017 09:08,23/06/2017
ZA-00003265,ZAC0013536,17/06/2017 15:59,COMPLETE,18/06/2017 21:24,20/06/2017 07:05,28/06/2017
ZA-00003266,ZAC0009386,17/06/2017 13:49,CANCELLED,,,
ZA-00003267,ZAC0009839,17/06/2017 19:49,COMPLETE,19/06/2017 02:06,23/06/2017 09:55,24/06/2017
ZA-00003268,ZAC0020898,17/06/2017 11:47,COMPLETE,20/06/2017 08:06,21/06/2017 16:00,25/06/2017
ZA-00003269,ZAC0003154,17/06/2017 15:14,COMPLETE,19/06/2017 19:28,21/06/2017 01:10,23/06/2017
ZA-00003270,ZAC0014461,17/06/2017 10:37,COMPLETE,19/06/2017 02:30,21/06/2017 09:55,24/06/2017
ZA-00003271,ZAC0009716,17/06/2017 21:48,COMPLETE,20/06/2017 08:08,20/06/2017 18:14,23/06/2017
ZA-00003272,ZAC0016053,17/06/2017 10:15,COMPLETE,18/06/2017 09:24,25/06/2017 00:02,22/06/2017
ZA-00003273,ZAC0020029,17/06/2017 08:13,COMPLETE,20/06/2017 05:56,22/06/2017 12:50,24/06/2017
ZA-00003274,ZAC0006052,17/06/2017 17:40,COMPLETE,19/06/2017 01:07,21/06/2017 12:41,23/06/2017
ZA-00003275,ZAC0015427,17/06/2017 18:32,COMPLETE,20/06/2017 19:11,27/06/2017 21:28,24/06/2017
ZA-00003276,ZAC0017426,17/06/2017 10:02,COMPLETE,22/06/2017 16:40,01/07/2017 08:40,27/06/2017
ZA-00003277,ZAC0004021,17/06/2017 10:46,COMPLETE,20/06/2017 03:59,22/06/2017 21:20,27/06/2017
ZA-00003278,ZAC0012904,17/06/2017 12:18,COMPLETE,18/06/2017 15:35,23/06/2017 17:57,25/06/2017
ZA-00003279,ZAC0020040,17/06/2017 19:49,COMPLETE,19/06/2017 07:55,19/06/2017 22:35,26/06/2017
ZA-00003280,ZAC0015877,17/06/2017 19:30,COMPLETE,19/06/2017 00:49,25/06/2017 00:07,26/06/2017
ZA-00003281,ZAC0019671,18/06/2017 22:03,COMPLETE,21/06/2017 06:21,25/06/2017 13:55,25/06/2017
ZA-00003282,ZAC0009049,18/06/2017 14:36,COMPLETE,20/06/2017 23:57,21/06/2017 10:17,23/06/2017
ZA-00003283,ZAC0000833,18/06/2017 17:42,COMPLETE,19/06/2017 21:42,23/06/2017 15:32,22/06/2017
ZA-00003284,ZAC0016110,18/06/2017 14:43,COMPLETE,22/06/2017 05:14,28/06/2017 20:27,26/06/2017
ZA-00003285,ZAC0012289,18/06/2017 10:41,COMPLETE,21/06/2017 13:44,29/06/2017 14:59,28/06/2017
ZA-00003286,ZAC0013984,18/06/2017 20:39,COMPLETE,21/06/2017 17:50,23/06/2017 03:03,01/07/2017
ZA-00003287,ZAC0021911,18/06/2017 19:30,COMPLETE,20/06/2017 03:07,29/06/2017 16:35,25/06/2017
ZA-00003288,ZAC0010947,18/06/2017 11:48,COMPLETE,19/06/2017 18:22,22/06/2017 22:26,24/06/2017
ZA-00003289,ZAC0008507,18/06/2017 19:38,COMPLETE,20/06/2017 18:22,22/06/2017 16:17,24/06/2017
ZA-00003290,ZAC0015071,18/06/2017 17:34,COMPLETE,21/06/2017 06:30,29/06/2017 02:38,26/06/2017
ZA-00003291,ZAC0013005,18/06/2017 19:05,COMPLETE,20/06/2017 23:42,26/06/2017 05:52,27/06/2017
ZA-00003292,ZAC0015109,18/06/2017 06:48,COMPLETE,19/06/2017 15:02,21/06/2017 23:36,24/06/2017
ZA-00003293,ZAC0018064,18/06/2017 10:05,COMPLETE,19/06/2017 02:50,23/06/2017 20:17,26/06/2017
ZA-00003294,ZAC0013455,18/06/2017 19:37,COMPLETE,20/06/2017 17:44,25/06/2017 09:54,27/06/2017
ZA-00003295,ZAC0020335,18/06/2017 13:06,PENDING,,,
ZA-00003296,ZAC0010019,18/06/2017 21:58,COMPLETE,19/06/2017 05:53,26/06/2017 03:00,24/06/2017
ZA-00003297,ZAC0015366,18/06/2017 15:27,COMPLETE,19/06/2017 03:03,24/06/2017 01:48,23/06/2017
ZA-00003298,ZAC0014782,18/06/2017 12:26,COMPLETE,21/06/2017 16:34,26/06/2017 05:30,24/06/2017
ZA-00003299,ZAC0021552,18/06/2017 16:00,COMPLETE,21/06/2017 17:40,30/06/2017 08:20,24/06/2017
ZA-00003300,ZAC0006130,18/06/2017 13:23,COMPLETE,19/06/2017 01:27,20/06/2017 06:37,23/06/2017
ZA-00003301,ZAC0016597,18/06/2017 11:24,COMPLETE,21/06/2017 01:27,24/06/2017 16:59,26/06/2017
ZA-00003302,ZAC0003081,18/06/2017 07:21,COMPLETE,19/06/2017 09:32,24/06/2017 08:29,26/06/2017
ZA-00003303,ZAC0017979,18/06/2017 21:06,COMPLETE,20/06/2017 01:07,26/06/2017 05:24,25/06/2017
ZA-00003304,ZAC0001681,18/06/2017 16:06,COMPLETE,19/06/2017 15:19,25/06/2017 10:00,22/06/2017
ZA-00003305,ZAC0005658,18/06/2017 20:12,COMPLETE,19/06/2017 11:30,22/06/2017 10:34,24/06/2017
ZA-00003306,ZAC0005264,18/06/2017 22:25,COMPLETE,22/06/2017 16:05,25/06/2017 00:16,29/06/2017
ZA-00003307,ZAC0020665,18/06/2017 13:49,COMPLETE,20/06/2017 08:07,23/06/2017 02:11,27/06/2017
ZA-00003308,ZAC0010024,18/06/2017 16:52,COMPLETE,19/06/2017 02:17,21/06/2017 08:53,26/06/2017
ZA-00003309,ZAC0001166,18/06/2017 09:42,DISPATCHED,19/06/2017 19:01,,23/06/2017
ZA-00003310,ZAC0009845,18/06/2017 17:27,COMPLETE,20/06/2017 01:21,20/06/2017 19:30,25/06/2017
ZA-00003311,ZAC0019778,18/06/2017 06:44,COMPLETE,18/06/2017 12:04,23/06/2017 17:40,23/06/2017
ZA-00003312,ZAC0019970,18/06/2017 08:26,COMPLETE,21/06/2017 14:59,24/06/2017 19:49,01/07/2017
ZA-00003313,ZAC0022330,18/06/2017 21:01,COMPLETE,21/06/2017 12:40,23/06/2017 23:59,24/06/2017
ZA-00003314,ZAC0016388,18/06/2017 10:58,COMPLETE,19/06/2017 15:00,23/06/2017 05:54,23/06/2017
ZA-00003315,ZAC0022232,18/06/2017 12:27,COMPLETE,19/06/2017 13:17,23/06/2017 06:38,24/06/2017
ZA-00003316,ZAC0010530,19/06/2017 22:33,COMPLETE,27/06/2017 07:18,02/07/2017 12:25,07/07/2017
ZA-00003317,ZAC0008220,19/06/2017 14:26,PENDING,,,
ZA-00003318,ZAC0004213,19/06/2017 09:18,COMPLETE,21/06/2017 15:23,28/06/2017 00:32,28/06/2017
ZA-00003319,ZAC0000747,19/06/2017 12:35,COMPLETE,19/06/2017 16:50,23/06/2017 15:07,24/06/2017
ZA-00003320,ZAC0000248,19/06/2017 09:00,CANCELLED,,,
ZA-00003321,ZAC0017207,19/06/2017 11:43,COMPLETE,19/06/2017 20:40,25/06/2017 13:25,22/06/2017
ZA-00003322,ZAC0000222,19/06/2017 13:07,COMPLETE,21/06/2017 02:45,26/06/2017 08:38,25/06/2017
ZA-00003323,ZAC0016140,19/06/2017 06:15,COMPLETE,24/06/2017 18:07,01/07/2017 17:47,01/07/2017
ZA-00003324,ZAC0011938,19/06/2017 22:01,COMPLETE,21/06/2017 11:58,23/06/2017 02:43,25/06/2017
ZA-00003325,ZAC0008617,19/06/2017 18:23,COMPLETE,20/06/2017 21:58,24/06/2017 06:36,24/06/2017
ZA-00003326,ZAC0005986,19/06/2017 12:56,COMPLETE,22/06/2017 16:20,02/07/2017 21:57,25/06/2017
ZA-00003327,ZAC0012638,19/06/2017 11:38,RETURNED,24/06/2017 12:52,25/06/2017 21:51,01/07/2017
ZA-00003328,ZAC0003690,19/06/2017 19:57,COMPLETE,22/06/2017 13:29,24/06/2017 02:20,29/06/2017
ZA-00003329,ZAC0019664,19/06/2017 11:54,COMPLETE,23/06/2017 10:41,25/06/2017 16:11,28/06/2017
ZA-00003330,ZAC0020246,19/06/2017 06:16,COMPLETE,21/06/2017 03:30,23/06/2017 19:49,25/06/2017
ZA-00003331,ZAC0013290,19/06/2017 12:42,COMPLETE,23/06/2017 10:14,30/06/2017 10:16,26/06/2017
ZA-00003332,ZAC0008197,19/06/2017 09:41,COMPLETE,27/06/2017 10:03,01/07/2017 09:23,07/07/2017
ZA-00003333,ZAC0015550,19/06/2017 09:38,COMPLETE,20/06/2017 16:54,28/06/2017 23:51,27/06/2017
ZA-00003334,ZAC0001659,19/06/2017 06:50,COMPLETE,21/06/2017 08:42,25/06/2017 20:58,28/06/2017
ZA-00003335,ZAC0004365,19/06/2017 15:19,COMPLETE,21/06/2017 21:17,29/06/2017 20:50,28/06/2017
ZA-00003336,ZAC0021493,19/06/2017 17:23,COMPLETE,24/06/2017 20:36,02/07/2017 01:45,29/06/2017
ZA-00003337,ZAC0017115,19/06/2017 10:23,RETURNED,21/06/2017 18:39,22/06/2017 10:44,28/06/2017
ZA-00003338,ZAC0006327,19/06/2017 14:34,COMPLETE,21/06/2017 06:42,24/06/2017 16:43,25/06/2017
ZA-00003339,ZAC0000492,19/06/2017 16:02,COMPLETE,22/06/2017 03:19,29/06/2017 03:29,27/06/2017
ZA-00003340,ZAC0005547,19/06/2017 10:03,COMPLETE,21/06/2017 06:16,29/06/2017 17:08,25/06/2017
ZA-00003341,ZAC0022231,19/06/2017 06:40,COMPLETE,22/06/2017 08:19,25/06/2017 06:26,27/06/2017
ZA-00003342,ZAC0016414,19/06/2017 15:19,COMPLETE,25/06/2017 19:34,30/06/2017 05:41,05/07/2017
ZA-00003343,ZAC0010441,19/06/2017 11:01,COMPLETE,20/06/2017 09:18,27/06/2017 17:04,24/06/2017
ZA-00003344,ZAC0004553,19/06/2017 07:56,COMPLETE,24/06/2017 11:00,28/06/2017 04:15,28/06/2017
ZA-00003345,ZAC0008209,19/06/2017 17:12,COMPLETE,20/06/2017 13:39,21/06/2017 04:39,25/06/2017
ZA-00003346,ZAC0023981,19/06/2017 22:16,COMPLETE,23/06/2017 13:43,27/06/2017 06:42,27/06/2017
ZA-00003347,ZAC0021884,19/06/2017 19:21,COMPLETE,20/06/2017 20:18,22/06/2017 19:26,23/06/2017
ZA-00003348,ZAC0000029,19/06/2017 13:51,COMPLETE,20/06/2017 00:57,22/06/2017 21:42,24/06/2017
ZA-00003349,ZAC0003102,19/06/2017 10:41,COMPLETE,22/06/2017 12:26,25/06/2017 10:05,26/06/2017
ZA-00003350,ZAC0008952,20/06/2017 19:50,COMPLETE,22/06/2017 12:39,26/06/2017 06:22,26/06/2017
ZA-00003351,ZAC0000739,20/06/2017 08:58,COMPLETE,22/06/2017 00:22,01/07/2017 15:05,26/06/2017
ZA-00003352,ZAC0021794,20/06/2017 13:17,COMPLETE,21/06/2017 13:14,26/06/2017 22:40,01/07/2017
ZA-00003353,ZAC0005002,20/06/2017 19:35,COMPLETE,22/06/2017 19:06,26/06/2017 03:21,02/07/2017
ZA-00003354,ZAC0000122,20/06/2017 18:51,COMPLETE,22/06/2017 19:28,28/06/2017 06:38,27/06/2017
ZA-00003355,ZAC0019625,20/06/2017 12:12,COMPLETE,22/06/2017 11:55,27/06/2017 20:59,26/06/2017
ZA-00003356,ZAC0007875,20/06/2017 08:04,COMPLETE,21/06/2017 07:06,23/06/2017 23:36,24/06/2017
ZA-00003357,ZAC0011955,20/06/2017 18:47,COMPLETE,23/06/2017 09:59,29/06/2017 20:04,30/06/2017
ZA-00003358,ZAC0006087,20/06/2017 09:20,COMPLETE,21/06/2017 22:05,24/06/2017 08:33,01/07/2017
ZA-00003359,ZAC0018312,20/06/2017 12:13,COMPLETE,26/06/2017 23:32,30/06/2017 04:15,03/07/2017
ZA-00003360,ZAC0018490,20/06/2017 19:57,COMPLETE,22/06/2017 07:00,26/06/2017 01:34,25/06/2017
ZA-00003361,ZAC0000401,20/06/2017 18:18,COMPLETE,23/06/2017 06:19,30/06/2017 19:38,27/06/2017
ZA-00003362,ZAC0008613,20/06/2017 15:28,COMPLETE,22/06/2017 09:19,24/06/2017 17:48,29/06/2017
ZA-00003363,ZAC0023180,20/06/2017 22:17,COMPLETE,22/06/2017 00:07,26/06/2017 15:01,26/06/2017
ZA-00003364,ZAC0011156,20/06/2017 22:59,COMPLETE,23/06/2017 05:01,25/06/2017 09:52,28/06/2017
ZA-00003365,ZAC0007942,20/06/2017 06:23,COMPLETE,23/06/2017 19:26,30/06/2017 14:13,30/06/2017
ZA-00003366,ZAC0013989,20/06/2017 15:57,COMPLETE,22/06/2017 17:10,28/06/2017 11:10,27/06/2017
ZA-00003367,ZAC0015972,20/06/2017 20:47,COMPLETE,23/06/2017 14:37,01/07/2017 01:40,28/06/2017
ZA-00003368,ZAC0000427,20/06/2017 19:48,COMPLETE,24/06/2017 05:02,27/06/2017 02:10,27/06/2017
ZA-00003369,ZAC0010454,20/06/2017 11:29,RETURNED,22/06/2017 03:42,28/06/2017 07:17,25/06/2017
ZA-00003370,ZAC0004265,20/06/2017 21:01,COMPLETE,26/06/2017 14:25,01/07/2017 11:29,29/06/2017
ZA-00003371,ZAC0018385,20/06/2017 06:16,COMPLETE,21/06/2017 12:22,25/06/2017 23:09,25/06/2017
ZA-00003372,ZAC0009592,20/06/2017 08:36,COMPLETE,26/06/2017 02:10,09/07/2017 12:41,30/06/2017
ZA-00003373,ZAC0016740,20/06/2017 10:50,COMPLETE,22/06/2017 14:43,25/06/2017 15:10,26/06/2017
ZA-00003374,ZAC0015046,20/06/2017 14:59,COMPLETE,22/06/2017 15:02,25/06/2017 13:39,27/06/2017
ZA-00003375,ZAC0010849,20/06/2017 09:47,COMPLETE,25/06/2017 03:51,29/06/2017 05:38,30/06/2017
ZA-00003376,ZAC0004465,20/06/2017 11:49,COMPLETE,21/06/2017 21:00,22/06/2017 23:54,28/06/2017
ZA-00003377,ZAC0018157,20/06/2017 14:35,COMPLETE,23/06/2017 16:11,29/06/2017 16:53,28/06/2017
ZA-00003378,ZAC0000805,20/06/2017 16:28,COMPLETE,22/06/2017 15:50,27/06/2017 05:44,25/06/2017
ZA-00003379,ZAC0016540,20/06/2017 17:57,DISPATCHED,21/06/2017 12:25,,25/06/2017
ZA-00003380,ZAC0018819,20/06/2017 11:11,COMPLETE,21/06/2017 15:19,24/06/2017 14:11,26/06/2017
ZA-00003381,ZAC0018395,20/06/2017 09:12,COMPLETE,23/06/2017 09:47,28/06/2017 00:22,27/06/2017
ZA-00003382,ZAC0017262,20/06/2017 08:07,COMPLETE,21/06/2017 16:51,28/06/2017 16:51,25/06/2017
ZA-00003383,ZAC0019763,20/06/2017 13:24,COMPLETE,22/06/2017 04:12,26/06/2017 04:58,25/06/2017
ZA-00003384,ZAC0010587,20/06/2017 08:14,COMPLETE,21/06/2017 05:59,23/06/2017 10:13,25/06/2017
ZA-00003385,ZAC0006687,20/06/2017 15:59,COMPLETE,21/06/2017 09:36,24/06/2017 11:50,28/06/2017
ZA-00003386,ZAC0007390,21/06/2017 07:27,COMPLETE,27/06/2017 17:18,05/07/2017 04:40,30/06/2017
ZA-00003387,ZAC0013059,21/06/2017 15:39,CANCELLED,,,
ZA-00003388,ZAC0014335,21/06/2017 12:26,COMPLETE,22/06/2017 17:57,25/06/2017 06:33,29/06/2017
ZA-00003389,ZAC0012463,21/06/2017 15:50,COMPLETE,21/06/2017 19:36,24/06/2017 07:25,28/06/2017
ZA-00003390,ZAC0006719,21/06/2017 12:28,COMPLETE,22/06/2017 02:17,25/06/2017 18:09,27/06/2017
ZA-00003391,ZAC0020900,21/06/2017 09:27,COMPLETE,21/06/2017 19:05,25/06/2017 03:55,25/06/2017
ZA-00003392,ZAC0017401,21/06/2017 22:22,COMPLETE,24/06/2017 12:02,28/06/2017 14:23,27/06/2017
ZA-00003393,ZAC0023103,21/06/2017 20:04,COMPLETE,24/06/2017 22:31,30/06/2017 14:22,29/06/2017
ZA-00003394,ZAC0023317,21/06/2017 07:09,COMPLETE,26/06/2017 04:48,04/07/2017 02:20,30/06/2017
ZA-00003395,ZAC0013406,21/06/2017 20:50,COMPLETE,25/06/2017 00:24,03/07/2017 06:10,29/06/2017
ZA-00003396,ZAC0019853,21/06/2017 08:58,COMPLETE,22/06/2017 11:20,25/06/2017 10:34,27/06/2017
ZA-00003397,ZAC0002982,21/06/2017 13:22,COMPLETE,22/06/2017 04:25,23/06/2017 04:56,27/06/2017
ZA-00003398,ZAC0005058,21/06/2017 18:02,COMPLETE,24/06/2017 04:21,29/06/2017 09:38,01/07/2017
ZA-00003399,ZAC0009788,21/06/2017 12:01,COMPLETE,22/06/2017 07:30,28/06/2017 02:03,25/06/2017
ZA-00003400,ZAC0021821,21/06/2017 06:55,COMPLETE,23/06/2017 20:32,27/06/2017 08:27,26/06/2017
ZA-00003401,ZAC0007741,21/06/2017 10:48,COMPLETE,23/06/2017 10:40,24/06/2017 06:53,28/06/2017
ZA-00003402,ZAC0007867,21/06/2017 13:19,DISPATCHED,23/06/2017 03:13,,26/06/2017
ZA-00003403,ZAC0014388,21/06/2017 08:19,COMPLETE,21/06/2017 21:30,25/06/2017 19:50,28/06/2017
ZA-00003404,ZAC0016524,21/06/2017 20:19,COMPLETE,24/06/2017 08:15,01/07/2017 17:49,01/07/2017
ZA-00003405,ZAC0014584,21/06/2017 17:46,COMPLETE,24/06/2017 11:02,26/06/2017 06:31,28/06/2017
ZA-00003406,ZAC0006285,21/06/2017 18:45,COMPLETE,25/06/2017 15:32,29/06/2017 10:42,30/06/2017
ZA-00003407,ZAC0009434,21/06/2017 17:11,COMPLETE,24/06/2017 20:57,29/06/2017 14:54,04/07/2017
ZA-00003408,ZAC0022684,21/06/2017 10:46,COMPLETE,22/06/2017 10:17,24/06/2017 01:50,26/06/2017
ZA-00003409,ZAC0000688,21/06/2017 14:59,DISPATCHED,23/06/2017 16:24,,27/06/2017
ZA-00003410,ZAC0023010,21/06/2017 06:52,COMPLETE,22/06/2017 22:43,26/06/2017 06:58,29/06/2017
ZA-00003411,ZAC0014967,21/06/2017 18:10,COMPLETE,23/06/2017 03:05,25/06/2017 22:52,27/06/2017
ZA-00003412,ZAC0021804,21/06/2017 06:53,COMPLETE,23/06/2017 06:41,28/06/2017 00:03,30/06/2017
ZA-00003413,ZAC0000807,21/06/2017 14:10,COMPLETE,23/06/2017 03:11,25/06/2017 11:25,30/06/2017
ZA-00003414,ZAC0022272,21/06/2017 13:41,COMPLETE,26/06/2017 07:42,29/06/2017 16:48,30/06/2017
ZA-00003415,ZAC0004415,21/06/2017 16:17,COMPLETE,24/06/2017 13:58,30/06/2017 06:54,28/06/2017
ZA-00003416,ZAC0010573,21/06/2017 07:15,COMPLETE,23/06/2017 14:29,27/06/2017 16:39,30/06/2017
ZA-00003417,ZAC0003889,21/06/2017 11:50,COMPLETE,24/06/2017 04:06,01/07/2017 06:53,28/06/2017
ZA-00003418,ZAC0010718,21/06/2017 12:24,PENDING,,,
ZA-00003419,ZAC0001953,21/06/2017 19:36,COMPLETE,23/06/2017 10:49,30/06/2017 01:00,30/06/2017
ZA-00003420,ZAC0022323,21/06/2017 20:42,COMPLETE,24/06/2017 15:04,25/06/2017 06:34,28/06/2017
ZA-00003421,ZAC0020199,21/06/2017 13:19,COMPLETE,22/06/2017 11:13,03/07/2017 09:04,27/06/2017
ZA-00003422,ZAC0017554,21/06/2017 06:40,COMPLETE,24/06/2017 16:48,28/06/2017 04:49,29/06/2017
ZA-00003423,ZAC0004167,21/06/2017 10:25,DISPATCHED,25/06/2017 07:25,,05/07/2017
ZA-00003424,ZAC0009739,21/06/2017 17:14,COMPLETE,23/06/2017 00:26,25/06/2017 23:23,27/06/2017
ZA-00003425,ZAC0009194,22/06/2017 11:01,COMPLETE,24/06/2017 00:38,29/06/2017 00:30,28/06/2017
ZA-00003426,ZAC0017322,22/06/2017 21:35,COMPLETE,25/06/2017 10:24,04/07/2017 17:46,29/06/2017
ZA-00003427,ZAC0002779,22/06/2017 13:08,COMPLETE,25/06/2017 11:29,26/06/2017 17:10,02/07/2017
ZA-00003428,ZAC0013921,22/06/2017 11:05,COMPLETE,26/06/2017 16:06,03/07/2017 17:37,30/06/2017
ZA-00003429,ZAC0017346,22/06/2017 22:32,COMPLETE,25/06/2017 11:02,01/07/2017 04:23,30/06/2017
ZA-00003430,ZAC0002402,22/06/2017 07:18,COMPLETE,23/06/2017 10:39,02/07/2017 11:45,28/06/2017
ZA-00003431,ZAC0012828,22/06/2017 22:25,COMPLETE,24/06/2017 23:03,30/06/2017 04:56,01/07/2017
ZA-00003432,ZAC0006685,22/06/2017 16:31,COMPLETE,23/06/2017 21:25,27/06/2017 04:21,30/06/2017
ZA-00003433,ZAC0020624,22/06/2017 20:28,DISPATCHED,27/06/2017 07:58,,02/07/2017
ZA-00003434,ZAC0018275,22/06/2017 17:01,COMPLETE,24/06/2017 14:37,28/06/2017 09:03,28/06/2017
ZA-00003435,ZAC0008498,22/06/2017 13:07,COMPLETE,24/06/2017 14:26,27/06/2017 20:38,28/06/2017
ZA-00003436,ZAC0009552,22/06/2017 16:56,COMPLETE,23/06/2017 11:46,01/07/2017 07:15,26/06/2017
ZA-00003437,ZAC0023732,22/06/2017 06:11,COMPLETE,27/06/2017 14:14,29/06/2017 11:15,01/07/2017
ZA-00003438,ZAC0009107,22/06/2017 11:51,COMPLETE,22/06/2017 21:24,25/06/2017 18:38,29/06/2017
ZA-00003439,ZAC0016171,22/06/2017 10:05,COMPLETE,25/06/2017 09:18,27/06/2017 05:53,30/06/2017
ZA-00003440,ZAC0022366,22/06/2017 18:56,COMPLETE,24/06/2017 08:35,28/06/2017 22:02,28/06/2017
ZA-00003441,ZAC0001227,22/06/2017 19:21,COMPLETE,24/06/2017 08:05,02/07/2017 07:39,27/06/2017
ZA-00003442,ZAC0018768,22/06/2017 09:50,COMPLETE,24/06/2017 07:57,26/06/2017 11:45,28/06/2017
ZA-00003443,ZAC0007326,22/06/2017 17:20,COMPLETE,26/06/2017 20:38,28/06/2017 08:53,01/07/2017
ZA-00003444,ZAC0010174,22/06/2017 21:08,CANCELLED,,,
ZA-00003445,ZAC0014631,22/06/2017 16:07,COMPLETE,24/06/2017 01:30,26/06/2017 03:12,28/06/2017
ZA-00003446,ZAC0014390,22/06/2017 09:48,COMPLETE,25/06/2017 13:46,30/06/2017 03:33,02/07/2017
ZA-00003447,ZAC0023187,22/06/2017 17:26,COMPLETE,22/06/2017 23:28,25/06/2017 02:04,25/06/2017
ZA-00003448,ZAC0023640,22/06/2017 16:06,COMPLETE,24/06/2017 21:43,28/06/2017 13:18,04/07/2017
ZA-00003449,ZAC0015015,22/06/2017 08:10,COMPLETE,28/06/2017 00:54,30/06/2017 06:17,03/07/2017
ZA-00003450,ZAC0015814,22/06/2017 16:30,COMPLETE,23/06/2017 04:31,01/07/2017 13:23,27/06/2017
ZA-00003451,ZAC0018752,22/06/2017 21:23,COMPLETE,24/06/2017 19:21,27/06/2017 14:39,01/07/2017
ZA-00003452,ZAC0023241,22/06/2017 11:29,CANCELLED,,,
ZA-00003453,ZAC0003276,22/06/2017 15:05,COMPLETE,23/06/2017 01:59,25/06/2017 06:23,28/06/2017
ZA-00003454,ZAC0021773,22/06/2017 18:02,COMPLETE,24/06/2017 05:08,30/06/2017 07:34,01/07/2017
ZA-00003455,ZAC0021191,22/06/2017 20:52,COMPLETE,24/06/2017 16:35,27/06/2017 19:57,28/06/2017
ZA-00003456,ZAC0008709,22/06/2017 15:42,COMPLETE,24/06/2017 18:30,29/06/2017 09:12,27/06/2017
ZA-00003457,ZAC0013014,22/06/2017 22:14,COMPLETE,24/06/2017 13:28,29/06/2017 07:58,28/06/2017
ZA-00003458,ZAC0014520,22/06/2017 21:18,CANCELLED,,,
ZA-00003459,ZAC0015418,22/06/2017 20:10,COMPLETE,23/06/2017 11:19,05/07/2017 13:20,28/06/2017
ZA-00003460,ZAC0004156,22/06/2017 07:23,COMPLETE,23/06/2017 00:24,26/06/2017 03:48,26/06/2017
ZA-00003461,ZAC0018293,22/06/2017 21:27,COMPLETE,23/06/2017 21:37,04/07/2017 12:28,27/06/2017
ZA-00003462,ZAC0016415,22/06/2017 14:16,COMPLETE,27/06/2017 13:04,04/07/2017 19:06,01/07/2017
ZA-00003463,ZAC0021230,22/06/2017 17:05,COMPLETE,23/06/2017 14:31,08/07/2017 03:48,28/06/2017
ZA-00003464,ZAC0001289,23/06/2017 18:41,COMPLETE,24/06/2017 20:40,27/06/2017 08:28,29/06/2017
ZA-00003465,ZAC0019708,23/06/2017 13:08,COMPLETE,25/06/2017 14:17,01/07/2017 18:58,29/06/2017
ZA-00003466,ZAC0018947,23/06/2017 16:03,COMPLETE,27/06/2017 05:39,05/07/2017 11:48,01/07/2017
ZA-00003467,ZAC0018386,23/06/2017 08:59,COMPLETE,23/06/2017 13:54,26/06/2017 02:35,27/06/2017
ZA-00003468,ZAC0009739,23/06/2017 14:14,COMPLETE,26/06/2017 19:24,02/07/2017 14:39,03/07/2017
ZA-00003469,ZAC0011630,23/06/2017 12:07,COMPLETE,26/06/2017 11:32,01/07/2017 15:41,29/06/2017
ZA-00003470,ZAC0016874,23/06/2017 13:25,COMPLETE,23/06/2017 14:36,24/06/2017 20:06,30/06/2017
ZA-00003471,ZAC0011325,23/06/2017 13:14,COMPLETE,24/06/2017 01:05,28/06/2017 22:43,01/07/2017
ZA-00003472,ZAC0018846,23/06/2017 07:29,COMPLETE,24/06/2017 00:40,25/06/2017 14:25,01/07/2017
ZA-00003473,ZAC0010010,23/06/2017 10:04,COMPLETE,24/06/2017 11:53,26/06/2017 12:11,04/07/2017
ZA-00003474,ZAC0019228,23/06/2017 12:49,DISPATCHED,25/06/2017 03:52,,29/06/2017
ZA-00003475,ZAC0001152,23/06/2017 15:06,COMPLETE,24/06/2017 15:22,30/06/2017 03:41,01/07/2017
ZA-00003476,ZAC0004953,23/06/2017 16:23,COMPLETE,24/06/2017 19:02,26/06/2017 23:24,27/06/2017
ZA-00003477,ZAC0006603,23/06/2017 21:55,COMPLETE,24/06/2017 12:44,28/06/2017 20:58,01/07/2017
ZA-00003478,ZAC0023033,23/06/2017 14:36,COMPLETE,25/06/2017 14:22,28/06/2017 03:32,02/07/2017
ZA-00003479,ZAC0004219,23/06/2017 18:17,COMPLETE,26/06/2017 17:02,06/07/2017 22:21,01/07/2017
ZA-00003480,ZAC0006136,23/06/2017 17:56,COMPLETE,24/06/2017 21:42,26/06/2017 07:38,04/07/2017
ZA-00003481,ZAC0001096,23/06/2017 14:23,COMPLETE,24/06/2017 01:29,02/07/2017 23:35,29/06/2017
ZA-00003482,ZAC0006612,23/06/2017 12:51,CANCELLED,,,
ZA-00003483,ZAC0007495,23/06/2017 11:36,COMPLETE,25/06/2017 06:34,30/06/2017 10:49,30/06/2017
ZA-00003484,ZAC0016688,23/06/2017 18:58,COMPLETE,26/06/2017 02:22,02/07/2017 17:41,06/07/2017
ZA-00003485,ZAC0005819,23/06/2017 07:38,CANCELLED,,,
ZA-00003486,ZAC0007944,23/06/2017 17:43,COMPLETE,24/06/2017 09:01,30/06/2017 08:53,27/06/2017
ZA-00003487,ZAC0012649,23/06/2017 21:53,COMPLETE,28/06/2017 17:33,08/07/2017 05:57,01/07/2017
ZA-00003488,ZAC0021755,23/06/2017 19:26,COMPLETE,27/06/2017 00:30,27/06/2017 20:03,04/07/2017
ZA-00003489,ZAC0018305,23/06/2017 17:48,COMPLETE,29/06/2017 14:28,30/06/2017 22:51,09/07/2017
ZA-00003490,ZAC0012693,23/06/2017 22:57,COMPLETE,27/06/2017 22:50,03/07/2017 10:00,01/07/2017
ZA-00003491,ZAC0012130,23/06/2017 14:12,CANCELLED,,,
ZA-00003492,ZAC0015261,23/06/2017 08:38,COMPLETE,24/06/2017 13:14,26/06/2017 05:39,28/06/2017
ZA-00003493,ZAC0003887,23/06/2017 08:59,COMPLETE,26/06/2017 06:13,27/06/2017 18:15,30/06/2017
ZA-00003494,ZAC0011553,23/06/2017 09:24,COMPLETE,25/06/2017 00:49,26/06/2017 11:28,28/06/2017
ZA-00003495,ZAC0023765,23/06/2017 15:58,COMPLETE,26/06/2017 00:15,06/07/2017 21:59,01/07/2017
ZA-00003496,ZAC0008840,23/06/2017 15:54,COMPLETE,29/06/2017 08:12,07/07/2017 17:56,04/07/2017
ZA-00003497,ZAC0022803,23/06/2017 10:14,COMPLETE,24/06/2017 18:27,29/06/2017 17:45,28/06/2017
ZA-00003498,ZAC0003508,23/06/2017 14:19,COMPLETE,25/06/2017 01:12,14/07/2017 11:55,29/06/2017
ZA-00003499,ZAC0003270,23/06/2017 16:07,COMPLETE,24/06/2017 18:35,26/06/2017 07:41,28/06/2017
ZA-00003500,ZAC0011212,23/06/2017 20:50,COMPLETE,24/06/2017 12:04,05/07/2017 05:56,29/06/2017
ZA-00003501,ZAC0012655,24/06/2017 10:25,COMPLETE,26/06/2017 20:10,07/07/2017 07:21,29/06/2017
ZA-00003502,ZAC0016041,24/06/2017 08:25,COMPLETE,27/06/2017 14:57,04/07/2017 08:03,30/06/2017
ZA-00003503,ZAC0001207,24/06/2017 19:11,RETURNED,26/06/2017 21:57,03/07/2017 04:49,30/06/2017
ZA-00003504,ZAC0012401,24/06/2017 19:18,COMPLETE,28/06/2017 12:08,01/07/2017 14:02,02/07/2017
ZA-00003505,ZAC0015614,24/06/2017 19:12,COMPLETE,25/06/2017 17:50,27/06/2017 23:37,28/06/2017
ZA-00003506,ZAC0020815,24/06/2017 18:23,COMPLETE,26/06/2017 03:53,29/06/2017 20:22,01/07/2017
ZA-00003507,ZAC0006827,24/06/2017 08:31,COMPLETE,29/06/2017 22:19,05/07/2017 10:58,03/07/2017
ZA-00003508,ZAC0003208,24/06/2017 16:22,COMPLETE,26/06/2017 11:16,27/06/2017 11:51,30/06/2017
ZA-00003509,ZAC0017596,24/06/2017 19:58,RETURNED,28/06/2017 12:04,01/07/2017 20:28,01/07/2017
ZA-00003510,ZAC0017973,24/06/2017 13:19,COMPLETE,28/06/2017 15:43,04/07/2017 00:50,01/07/2017
ZA-00003511,ZAC0007148,24/06/2017 12:19,CANCELLED,,,
ZA-00003512,ZAC0004735,24/06/2017 14:48,COMPLETE,27/06/2017 17:55,01/07/2017 13:55,01/07/2017
ZA-00003513,ZAC0002169,24/06/2017 06:22,COMPLETE,26/06/2017 06:33,01/07/2017 21:49,30/06/2017
ZA-00003514,ZAC0009789,24/06/2017 08:39,COMPLETE,24/06/2017 16:24,29/06/2017 09:46,28/06/2017
ZA-00003515,ZAC0018625,24/06/2017 15:53,COMPLETE,27/06/2017 12:14,29/06/2017 23:50,01/07/2017
ZA-00003516,ZAC0004513,24/06/2017 16:46,COMPLETE,26/06/2017 07:43,28/06/2017 01:48,30/06/2017
ZA-00003517,ZAC0012722,24/06/2017 19:01,COMPLETE,27/06/2017 04:12,02/07/2017 12:47,30/06/2017
ZA-00003518,ZAC0014372,24/06/2017 13:49,DISPATCHED,26/06/2017 08:31,,03/07/2017
ZA-00003519,ZAC0016892,24/06/2017 06:06,COMPLETE,25/06/2017 17:01,29/06/2017 03:32,30/06/2017
ZA-00003520,ZAC0013618,24/06/2017 18:05,COMPLETE,26/06/2017 00:31,30/06/2017 12:38,29/06/2017
ZA-00003521,ZAC0002428,24/06/2017 13:20,COMPLETE,28/06/2017 02:43,30/06/2017 21:02,02/07/2017
ZA-00003522,ZAC0017808,24/06/2017 20:50,COMPLETE,27/06/2017 04:23,28/06/2017 22:15,04/07/2017
ZA-00003523,ZAC0015488,24/06/2017 16:17,DISPATCHED,26/06/2017 18:51,,30/06/2017
ZA-00003524,ZAC0006407,24/06/2017 17:56,COMPLETE,29/06/2017 20:36,07/07/2017 02:48,06/07/2017
ZA-00003525,ZAC0017813,24/06/2017 06:14,COMPLETE,27/06/2017 08:11,13/07/2017 02:24,07/07/2017
ZA-00003526,ZAC0005035,24/06/2017 21:44,RETURNED,01/07/2017 05:49,04/07/2017 13:43,05/07/2017
ZA-00003527,ZAC0009759,24/06/2017 15:58,COMPLETE,29/06/2017 08:44,07/07/2017 02:09,04/07/2017
ZA-00003528,ZAC0019676,24/06/2017 20:52,COMPLETE,27/06/2017 05:53,28/06/2017 15:02,30/06/2017
ZA-00003529,ZAC0002156,24/06/2017 12:39,COMPLETE,28/06/2017 22:44,30/06/2017 19:26,05/07/2017
ZA-00003530,ZAC0001025,24/06/2017 13:29,COMPLETE,26/06/2017 10:04,02/07/2017 02:53,29/06/2017
ZA-00003531,ZAC0013726,24/06/2017 10:44,COMPLETE,25/06/2017 00:25,28/06/2017 18:40,02/07/2017
ZA-00003532,ZAC0010592,24/06/2017 08:43,DISPATCHED,26/06/2017 09:39,,03/07/2017
ZA-00003533,ZAC0018831,24/06/2017 22:34,COMPLETE,29/06/2017 16:50,03/07/2017 17:48,03/07/2017
ZA-00003534,ZAC0012751,24/06/2017 14:58,COMPLETE,26/06/2017 00:43,27/06/2017 16:12,06/07/2017
ZA-00003535,ZAC0021465,24/06/2017 10:52,COMPLETE,26/06/2017 17:21,30/06/2017 12:47,01/07/2017
ZA-00003536,ZAC0008061,24/06/2017 15:51,COMPLETE,25/06/2017 19:10,01/07/2017 06:39,02/07/2017
ZA-00003537,ZAC0009883,24/06/2017 18:57,COMPLETE,26/06/2017 19:15,27/06/2017 09:36,30/06/2017
ZA-00003538,ZAC0012065,24/06/2017 20:03,COMPLETE,28/06/2017 14:43,06/07/2017 19:10,03/07/2017
ZA-00003539,ZAC0006329,24/06/2017 19:44,COMPLETE,28/06/2017 03:24,30/06/2017 13:03,03/07/2017
ZA-00003540,ZAC0014275,24/06/2017 15:38,COMPLETE,25/06/2017 00:07,27/06/2017 11:41,30/06/2017
ZA-00003541,ZAC0005462,25/06/2017 09:17,COMPLETE,29/06/2017 06:07,02/07/2017 16:30,03/07/2017
ZA-00003542,ZAC0019017,25/06/2017 19:43,COMPLETE,27/06/2017 10:20,04/07/2017 15:11,07/07/2017
ZA-00003543,ZAC0003304,25/06/2017 08:19,COMPLETE,27/06/2017 17:19,28/06/2017 13:47,01/07/2017
ZA-00003544,ZAC0023283,25/06/2017 20:59,COMPLETE,26/06/2017 08:45,27/06/2017 18:08,03/07/2017
ZA-00003545,ZAC0021006,25/06/2017 08:11,COMPLETE,25/06/2017 12:56,27/06/2017 05:28,02/07/2017
ZA-00003546,ZAC0001127,25/06/2017 09:48,COMPLETE,26/06/2017 06:41,29/06/2017 08:42,29/06/2017
ZA-00003547,ZAC0003624,25/06/2017 09:50,COMPLETE,25/06/2017 19:57,03/07/2017 14:39,02/07/2017
ZA-00003548,ZAC0021363,25/06/2017 08:09,COMPLETE,26/06/2017 19:05,01/07/2017 09:34,01/07/2017
ZA-00003549,ZAC0013710,25/06/2017 15:50,COMPLETE,29/06/2017 10:58,01/07/2017 18:26,03/07/2017
ZA-00003550,ZAC0022230,25/06/2017 09:43,COMPLETE,26/06/2017 07:26,27/06/2017 04:47,29/06/2017
ZA-00003551,ZAC0018066,25/06/2017 09:14,COMPLETE,28/06/2017 20:34,04/07/2017 07:43,03/07/2017
ZA-00003552,ZAC0020229,25/06/2017 19:37,COMPLETE,26/06/2017 04:51,27/06/2017 03:02,30/06/2017
ZA-00003553,ZAC0012273,25/06/2017 11:15,COMPLETE,27/06/2017 17:14,30/06/2017 06:16,07/07/2017
ZA-00003554,ZAC0009272,25/06/2017 17:15,COMPLETE,30/06/2017 00:27,05/07/2017 23:37,04/07/2017
ZA-00003555,ZAC0014745,25/06/2017 14:09,COMPLETE,29/06/2017 19:26,04/07/2017 06:51,06/07/2017
ZA-00003556,ZAC0017996,25/06/2017 06:32,COMPLETE,25/06/2017 09:18,29/06/2017 10:59,29/06/2017
ZA-00003557,ZAC0020324,25/06/2017 09:05,COMPLETE,25/06/2017 23:50,01/07/2017 13:58,30/06/2017
ZA-00003558,ZAC0015908,25/06/2017 08:01,COMPLETE,27/06/2017 06:15,30/06/2017 08:57,01/07/2017
ZA-00003559,ZAC0013383,25/06/2017 18:26,COMPLETE,29/06/2017 03:43,02/07/2017 17:05,04/07/2017
ZA-00003560,ZAC0003695,25/06/2017 10:15,COMPLETE,26/06/2017 14:38,29/06/2017 12:15,03/07/2017
ZA-00003561,ZAC0009851,25/06/2017 10:55,COMPLETE,27/06/2017 18:47,02/07/2017 01:51,07/07/2017
ZA-00003562,ZAC0009730,25/06/2017 10:09,COMPLETE,27/06/2017 15:32,30/06/2017 03:25,04/07/2017
ZA-00003563,ZAC0001293,25/06/2017 22:29,COMPLETE,28/06/2017 05:36,01/07/2017 09:35,01/07/2017
ZA-00003564,ZAC0003936,25/06/2017 15:46,COMPLETE,28/06/2017 07:55,30/06/2017 20:24,02/07/2017
ZA-00003565,ZAC0009216,25/06/2017 11:14,COMPLETE,27/06/2017 01:30,03/07/2017 06:43,04/07/2017
ZA-00003566,ZAC0020291,25/06/2017 17:37,COMPLETE,26/06/2017 15:11,30/06/2017 01:44,01/07/2017
ZA-00003567,ZAC0009138,26/06/2017 14:49,COMPLETE,28/06/2017 14:24,30/06/2017 03:19,02/07/2017
ZA-00003568,ZAC0013905,26/06/2017 07:29,COMPLETE,30/06/2017 09:09,02/07/2017 03:18,10/07/2017
ZA-00003569,ZAC0011095,26/06/2017 13:38,COMPLETE,29/06/2017 18:36,01/07/2017 15:59,03/07/2017
ZA-00003570,ZAC0004479,26/06/2017 15:27,COMPLETE,28/06/2017 10:06,09/07/2017 01:05,01/07/2017
ZA-00003571,ZAC0012689,26/06/2017 07:30,DISPATCHED,29/06/2017 19:27,,09/07/2017
ZA-00003572,ZAC0015281,26/06/2017 06:15,COMPLETE,26/06/2017 20:13,30/06/2017 11:11,01/07/2017
ZA-00003573,ZAC0017128,26/06/2017 18:35,COMPLETE,29/06/2017 01:09,05/07/2017 03:06,09/07/2017
ZA-00003574,ZAC0014006,26/06/2017 12:48,COMPLETE,28/06/2017 21:14,05/07/2017 04:15,02/07/2017
ZA-00003575,ZAC0006183,26/06/2017 13:00,COMPLETE,27/06/2017 08:03,30/06/2017 22:01,30/06/2017
ZA-00003576,ZAC0009096,26/06/2017 12:54,COMPLETE,02/07/2017 02:45,03/07/2017 10:52,07/07/2017
ZA-00003577,ZAC0016607,26/06/2017 15:29,DISPATCHED,01/07/2017 08:42,,11/07/2017
ZA-00003578,ZAC0019692,26/06/2017 12:31,COMPLETE,27/06/2017 06:38,06/07/2017 21:46,01/07/2017
ZA-00003579,ZAC0004673,26/06/2017 17:32,COMPLETE,30/06/2017 02:05,06/07/2017 05:42,10/07/2017
ZA-00003580,ZAC0001092,26/06/2017 06:31,COMPLETE,28/06/2017 04:04,01/07/2017 05:54,02/07/2017
ZA-00003581,ZAC0012655,26/06/2017 10:56,CANCELLED,,,
ZA-00003582,ZAC0016696,26/06/2017 14:00,COMPLETE,30/06/2017 02:42,05/07/2017 00:14,04/07/2017
ZA-00003583,ZAC0020664,26/06/2017 10:12,COMPLETE,30/06/2017 04:40,03/07/2017 00:09,05/07/2017
ZA-00003584,ZAC0001216,26/06/2017 06:51,COMPLETE,26/06/2017 20:05,02/07/2017 02:27,01/07/2017
ZA-00003585,ZAC0020851,26/06/2017 13:56,COMPLETE,28/06/2017 10:04,02/07/2017 02:32,05/07/2017
ZA-00003586,ZAC0017188,26/06/2017 07:45,COMPLETE,27/06/2017 11:22,03/07/2017 11:37,30/06/2017
ZA-00003587,ZAC0012738,26/06/2017 11:29,COMPLETE,30/06/2017 20:07,04/07/2017 06:05,03/07/2017
ZA-00003588,ZAC0007166,26/06/2017 15:11,COMPLETE,27/06/2017 13:08,04/07/2017 05:45,02/07/2017
ZA-00003589,ZAC0023882,26/06/2017 13:38,COMPLETE,28/06/2017 10:47,03/07/2017 08:27,01/07/2017
ZA-00003590,ZAC0013973,26/06/2017 13:03,COMPLETE,26/06/2017 20:09,30/06/2017 15:20,29/06/2017
ZA-00003591,ZAC0007309,26/06/2017 22:06,COMPLETE,27/06/2017 18:42,03/07/2017 05:18,01/07/2017
ZA-00003592,ZAC0007019,26/06/2017 17:57,COMPLETE,03/07/2017 05:04,06/07/2017 11:53,06/07/2017
ZA-00003593,ZAC0000433,26/06/2017 10:24,COMPLETE,28/06/2017 23:02,01/07/2017 02:10,01/07/2017
ZA-00003594,ZAC0011816,26/06/2017 10:22,DISPATCHED,26/06/2017 22:40,,01/07/2017
ZA-00003595,ZAC0013078,26/06/2017 20:09,COMPLETE,30/06/2017 09:13,03/07/2017 08:00,04/07/2017
ZA-00003596,ZAC0022741,26/06/2017 11:16,COMPLETE,28/06/2017 15:52,29/06/2017 18:28,02/07/2017
ZA-00003597,ZAC0018123,26/06/2017 20:59,DISPATCHED,27/06/2017 19:37,,01/07/2017
ZA-00003598,ZAC0007181,26/06/2017 19:55,COMPLETE,28/06/2017 06:24,29/06/2017 14:45,03/07/2017
ZA-00003599,ZAC0010470,26/06/2017 06:52,COMPLETE,28/06/2017 11:26,05/07/2017 04:17,01/07/2017
ZA-00003600,ZAC0003741,27/06/2017 09:50,COMPLETE,27/06/2017 16:22,01/07/2017 03:33,02/07/2017
ZA-00003601,ZAC0009115,27/06/2017 22:27,CANCELLED,,,
ZA-00003602,ZAC0007797,27/06/2017 22:10,COMPLETE,28/06/2017 21:29,02/07/2017 14:54,01/07/2017
ZA-00003603,ZAC0000320,27/06/2017 19:18,COMPLETE,30/06/2017 00:05,13/07/2017 01:32,03/07/2017
ZA-00003604,ZAC0019647,27/06/2017 10:21,COMPLETE,27/06/2017 20:08,09/07/2017 01:07,02/07/2017
ZA-00003605,ZAC0010868,27/06/2017 17:43,COMPLETE,30/06/2017 17:20,06/07/2017 07:55,10/07/2017
ZA-00003606,ZAC0012814,27/06/2017 17:29,COMPLETE,01/07/2017 01:25,09/07/2017 19:15,05/07/2017
ZA-00003607,ZAC0009351,27/06/2017 20:12,COMPLETE,28/06/2017 07:20,03/07/2017 05:38,05/07/2017
ZA-00003608,ZAC0006369,27/06/2017 17:09,COMPLETE,28/06/2017 03:21,05/07/2017 02:26,02/07/2017
ZA-00003609,ZAC0022938,27/06/2017 07:13,COMPLETE,29/06/2017 13:06,30/06/2017 16:10,04/07/2017
ZA-00003610,ZAC0002559,27/06/2017 11:43,CANCELLED,,,
ZA-00003611,ZAC0001100,27/06/2017 20:08,COMPLETE,30/06/2017 03:35,03/07/2017 00:49,10/07/2017
ZA-00003612,ZAC0021901,27/06/2017 07:20,COMPLETE,29/06/2017 00:17,08/07/2017 20:57,02/07/2017
ZA-00003613,ZAC0013572,27/06/2017 14:43,CANCELLED,,,
ZA-00003614,ZAC0022732,27/06/2017 19:50,COMPLETE,29/06/2017 05:31,06/07/2017 18:05,06/07/2017
ZA-00003615,ZAC0014653,27/06/2017 11:35,COMPLETE,28/06/2017 13:23,03/07/2017 12:25,02/07/2017
ZA-00003616,ZAC0016140,27/06/2017 08:39,COMPLETE,28/06/2017 18:43,30/06/2017 11:39,03/07/2017
ZA-00003617,ZAC0015557,27/06/2017 14:45,COMPLETE,29/06/2017 19:15,01/07/2017 12:27,04/07/2017
ZA-00003618,ZAC0000547,27/06/2017 19:16,COMPLETE,29/06/2017 16:52,04/07/2017 02:49,03/07/2017
ZA-00003619,ZAC0016025,27/06/2017 13:27,COMPLETE,28/06/2017 23:28,04/07/2017 17:31,03/07/2017
ZA-00003620,ZAC0018275,27/06/2017 20:47,COMPLETE,01/07/2017 10:34,14/07/2017 05:32,08/07/2017
ZA-00003621,ZAC0015143,27/06/2017 16:33,DISPATCHED,28/06/2017 02:47,,01/07/2017
ZA-00003622,ZAC0002076,27/06/2017 18:19,COMPLETE,03/07/2017 13:13,06/07/2017 08:19,07/07/2017
ZA-00003623,ZAC0015213,27/06/2017 10:42,COMPLETE,28/06/2017 16:52,04/07/2017 04:44,01/07/2017
ZA-00003624,ZAC0023731,27/06/2017 22:19,COMPLETE,01/07/2017 00:09,09/07/2017 05:29,08/07/2017
ZA-00003625,ZAC0007366,27/06/2017 18:54,COMPLETE,30/06/2017 16:33,04/07/2017 09:34,05/07/2017
ZA-00003626,ZAC0015621,27/06/2017 10:44,COMPLETE,27/06/2017 22:44,03/07/2017 08:55,01/07/2017
ZA-00003627,ZAC0017549,27/06/2017 13:27,COMPLETE,30/06/2017 05:51,18/07/2017 17:07,04/07/2017
ZA-00003628,ZAC0004987,27/06/2017 11:40,COMPLETE,29/06/2017 18:35,02/07/2017 12:45,02/07/2017
ZA-00003629,ZAC0018334,27/06/2017 13:22,COMPLETE,28/06/2017 03:08,02/07/2017 01:30,01/07/2017
ZA-00003630,ZAC0006329,27/06/2017 21:05,COMPLETE,30/06/2017 17:21,03/07/2017 19:49,03/07/2017
ZA-00003631,ZAC0007349,27/06/2017 07:47,COMPLETE,29/06/2017 22:36,07/07/2017 19:51,03/07/2017
ZA-00003632,ZAC0016862,27/06/2017 21:57,COMPLETE,01/07/2017 02:40,10/07/2017 22:07,05/07/2017
ZA-00003633,ZAC0004409,27/06/2017 18:27,COMPLETE,29/06/2017 02:04,03/07/2017 02:24,03/07/2017
ZA-00003634,ZAC0018467,27/06/2017 10:23,COMPLETE,28/06/2017 03:34,02/07/2017 06:46,02/07/2017
ZA-00003635,ZAC0022421,27/06/2017 20:09,COMPLETE,29/06/2017 09:25,30/06/2017 11:16,04/07/2017
ZA-00003636,ZAC0012976,27/06/2017 07:32,COMPLETE,01/07/2017 05:47,05/07/2017 17:50,08/07/2017
ZA-00003637,ZAC0019601,28/06/2017 11:13,COMPLETE,30/06/2017 05:03,05/07/2017 11:55,07/07/2017
ZA-00003638,ZAC0003811,28/06/2017 09:15,COMPLETE,30/06/2017 07:43,01/07/2017 10:14,07/07/2017
ZA-00003639,ZAC0006848,28/06/2017 20:52,COMPLETE,02/07/2017 01:51,09/07/2017 06:29,06/07/2017
ZA-00003640,ZAC0023613,28/06/2017 15:56,COMPLETE,29/06/2017 18:49,04/07/2017 14:29,04/07/2017
ZA-00003641,ZAC0013034,28/06/2017 22:58,COMPLETE,30/06/2017 07:12,02/07/2017 20:46,05/07/2017
ZA-00003642,ZAC0005275,28/06/2017 08:01,COMPLETE,30/06/2017 23:23,01/07/2017 17:49,05/07/2017
ZA-00003643,ZAC0010073,28/06/2017 20:42,COMPLETE,29/06/2017 14:42,07/07/2017 23:00,04/07/2017
ZA-00003644,ZAC0018944,28/06/2017 14:31,COMPLETE,30/06/2017 13:36,02/07/2017 07:48,05/07/2017
ZA-00003645,ZAC0023765,28/06/2017 10:02,CANCELLED,,,
ZA-00003646,ZAC0021935,28/06/2017 12:20,COMPLETE,29/06/2017 13:26,11/07/2017 02:16,04/07/2017
ZA-00003647,ZAC0022535,28/06/2017 16:37,COMPLETE,01/07/2017 01:21,01/07/2017 21:06,08/07/2017
ZA-00003648,ZAC0008748,28/06/2017 20:14,COMPLETE,05/07/2017 01:41,14/07/2017 11:21,09/07/2017
ZA-00003649,ZAC0003777,28/06/2017 17:42,COMPLETE,29/06/2017 23:18,01/07/2017 21:52,04/07/2017
ZA-00003650,ZAC0018317,28/06/2017 13:44,COMPLETE,30/06/2017 09:19,30/06/2017 22:53,05/07/2017
ZA-00003651,ZAC0022460,28/06/2017 13:21,COMPLETE,30/06/2017 22:15,05/07/2017 14:34,05/07/2017
ZA-00003652,ZAC0007339,28/06/2017 18:16,COMPLETE,30/06/2017 08:46,03/07/2017 06:53,04/07/2017
ZA-00003653,ZAC0015553,28/06/2017 19:10,CANCELLED,,,
ZA-00003654,ZAC0019081,28/06/2017 06:09,COMPLETE,03/07/2017 17:22,08/07/2017 01:47,08/07/2017
ZA-00003655,ZAC0002347,28/06/2017 09:31,COMPLETE,29/06/2017 14:03,02/07/2017 01:08,03/07/2017
ZA-00003656,ZAC0020897,28/06/2017 16:33,COMPLETE,29/06/2017 20:27,04/07/2017 15:49,03/07/2017
ZA-00003657,ZAC0003591,28/06/2017 12:25,COMPLETE,01/07/2017 08:18,04/07/2017 21:09,05/07/2017
ZA-00003658,ZAC0013587,28/06/2017 12:22,COMPLETE,02/07/2017 04:45,05/07/2017 03:13,09/07/2017
ZA-00003659,ZAC0008984,28/06/2017 22:44,COMPLETE,29/06/2017 07:56,03/07/2017 22:31,02/07/2017
ZA-00003660,ZAC0019157,28/06/2017 17:58,COMPLETE,01/07/2017 02:40,06/07/2017 10:16,04/07/2017
ZA-00003661,ZAC0019096,28/06/2017 10:17,COMPLETE,29/06/2017 01:14,04/07/2017 19:20,03/07/2017
ZA-00003662,ZAC0019802,28/06/2017 21:58,COMPLETE,30/06/2017 17:47,06/07/2017 06:06,07/07/2017
ZA-00003663,ZAC0017647,28/06/2017 20:26,COMPLETE,30/06/2017 18:58,12/07/2017 01:25,10/07/2017
ZA-00003664,ZAC0010848,28/06/2017 11:56,COMPLETE,29/06/2017 08:04,12/07/2017 02:54,03/07/2017
ZA-00003665,ZAC0023969,28/06/2017 22:38,COMPLETE,30/06/2017 21:58,04/07/2017 11:25,04/07/2017
ZA-00003666,ZAC0004431,28/06/2017 06:23,COMPLETE,30/06/2017 00:37,06/07/2017 17:44,05/07/2017
ZA-00003667,ZAC0009247,29/06/2017 13:07,COMPLETE,01/07/2017 19:23,09/07/2017 07:11,06/07/2017
ZA-00003668,ZAC0008316,29/06/2017 18:57,COMPLETE,03/07/2017 11:12,08/07/2017 20:42,10/07/2017
ZA-00003669,ZAC0022263,29/06/2017 09:51,DISPATCHED,01/07/2017 15:57,,08/07/2017
ZA-00003670,ZAC0015027,29/06/2017 12:30,COMPLETE,30/06/2017 13:50,05/07/2017 09:54,04/07/2017
ZA-00003671,ZAC0005207,29/06/2017 09:03,COMPLETE,01/07/2017 18:42,05/07/2017 00:36,05/07/2017
ZA-00003672,ZAC0005232,29/06/2017 07:02,COMPLETE,30/06/2017 00:06,03/07/2017 07:11,05/07/2017
ZA-00003673,ZAC0017632,29/06/2017 20:33,COMPLETE,01/07/2017 01:57,03/07/2017 00:51,06/07/2017
ZA-00003674,ZAC0009238,29/06/2017 18:30,COMPLETE,01/07/2017 22:53,06/07/2017 00:08,08/07/2017
ZA-00003675,ZAC0004666,29/06/2017 13:17,COMPLETE,30/06/2017 06:37,06/07/2017 02:44,10/07/2017
ZA-00003676,ZAC0000204,29/06/2017 22:42,CANCELLED,,,
ZA-00003677,ZAC0011546,29/06/2017 17:13,COMPLETE,02/07/2017 20:40,08/07/2017 05:53,07/07/2017
ZA-00003678,ZAC0016397,29/06/2017 13:30,COMPLETE,02/07/2017 02:34,04/07/2017 03:37,09/07/2017
ZA-00003679,ZAC0011503,29/06/2017 14:32,COMPLETE,04/07/2017 10:26,06/07/2017 23:15,11/07/2017
ZA-00003680,ZAC0019243,29/06/2017 14:38,COMPLETE,01/07/2017 10:04,16/07/2017 05:50,05/07/2017
ZA-00003681,ZAC0002819,29/06/2017 20:45,COMPLETE,02/07/2017 13:38,06/07/2017 23:00,09/07/2017
ZA-00003682,ZAC0009279,29/06/2017 19:07,RETURNED,30/06/2017 05:24,02/07/2017 19:54,03/07/2017
ZA-00003683,ZAC0000553,29/06/2017 08:53,COMPLETE,30/06/2017 09:07,07/07/2017 03:34,04/07/2017
ZA-00003684,ZAC0017170,29/06/2017 14:33,COMPLETE,02/07/2017 22:40,05/07/2017 06:47,07/07/2017
ZA-00003685,ZAC0022550,29/06/2017 17:33,COMPLETE,03/07/2017 15:11,06/07/2017 14:42,07/07/2017
ZA-00003686,ZAC0003213,29/06/2017 12:49,COMPLETE,30/06/2017 02:16,03/07/2017 13:32,03/07/2017
ZA-00003687,ZAC0014313,29/06/2017 15:15,COMPLETE,29/06/2017 18:52,05/07/2017 05:34,03/07/2017
ZA-00003688,ZAC0008571,29/06/2017 15:00,COMPLETE,01/07/2017 20:53,07/07/2017 05:10,06/07/2017
ZA-00003689,ZAC0002686,29/06/2017 21:46,COMPLETE,04/07/2017 05:32,17/07/2017 00:36,11/07/2017
ZA-00003690,ZAC0023046,29/06/2017 22:55,COMPLETE,05/07/2017 01:12,05/07/2017 22:11,09/07/2017
ZA-00003691,ZAC0010890,29/06/2017 07:29,COMPLETE,02/07/2017 11:14,08/07/2017 09:26,06/07/2017
ZA-00003692,ZAC0001699,29/06/2017 17:39,COMPLETE,30/06/2017 19:25,02/07/2017 15:42,07/07/2017
ZA-00003693,ZAC0003620,29/06/2017 17:01,COMPLETE,04/07/2017 04:58,11/07/2017 08:13,08/07/2017
ZA-00003694,ZAC0021492,29/06/2017 07:08,PENDING,,,
ZA-00003695,ZAC0021933,29/06/2017 19:51,COMPLETE,04/07/2017 10:33,07/07/2017 20:37,09/07/2017
ZA-00003696,ZAC0017023,29/06/2017 17:16,COMPLETE,02/07/2017 05:57,04/07/2017 13:00,07/07/2017
ZA-00003697,ZAC0007792,29/06/2017 22:59,COMPLETE,02/07/2017 02:42,06/07/2017 02:24,12/07/2017
ZA-00003698,ZAC0015674,29/06/2017 07:31,COMPLETE,01/07/2017 04:53,11/07/2017 22:02,08/07/2017
ZA-00003699,ZAC0013696,29/06/2017 06:51,PENDING,,,
ZA-00003700,ZAC0018360,29/06/2017 09:55,COMPLETE,01/07/2017 23:39,07/07/2017 15:28,05/07/2017
ZA-00003701,ZAC0022447,29/06/2017 08:52,COMPLETE,30/06/2017 07:21,01/07/2017 23:00,10/07/2017
ZA-00003702,ZAC0022325,29/06/2017 20:54,COMPLETE,02/07/2017 14:28,08/07/2017 07:27,09/07/2017
ZA-00003703,ZAC0004581,29/06/2017 08:13,COMPLETE,30/06/2017 00:59,02/07/2017 00:31,05/07/2017
ZA-00003704,ZAC0012937,29/06/2017 21:12,COMPLETE,04/07/2017 21:34,06/07/2017 00:08,07/07/2017
ZA-00003705,ZAC0007362,29/06/2017 22:35,COMPLETE,01/07/2017 06:25,10/07/2017 00:40,06/07/2017
ZA-00003706,ZAC0022786,29/06/2017 10:23,COMPLETE,01/07/2017 18:34,02/07/2017 19:02,05/07/2017
ZA-00003707,ZAC0005565,29/06/2017 10:20,COMPLETE,30/06/2017 13:25,05/07/2017 10:57,03/07/2017
ZA-00003708,ZAC0012549,29/06/2017 21:02,COMPLETE,30/06/2017 06:02,02/07/2017 02:33,03/07/2017
ZA-00003709,ZAC0000140,29/06/2017 21:12,COMPLETE,01/07/2017 09:23,04/07/2017 01:20,08/07/2017
ZA-00003710,ZAC0022154,29/06/2017 08:11,COMPLETE,03/07/2017 07:55,11/07/2017 09:18,06/07/2017
ZA-00003711,ZAC0003918,30/06/2017 12:58,COMPLETE,03/07/2017 01:20,06/07/2017 04:42,08/07/2017
ZA-00003712,ZAC0017250,30/06/2017 22:56,COMPLETE,01/07/2017 23:09,05/07/2017 07:59,11/07/2017
ZA-00003713,ZAC0006469,30/06/2017 09:05,COMPLETE,02/07/2017 19:12,11/07/2017 01:27,05/07/2017
ZA-00003714,ZAC0008261,30/06/2017 17:04,COMPLETE,04/07/2017 01:33,09/07/2017 00:39,09/07/2017
ZA-00003715,ZAC0015723,30/06/2017 12:46,COMPLETE,01/07/2017 07:26,06/07/2017 12:44,11/07/2017
ZA-00003716,ZAC0012576,30/06/2017 18:00,COMPLETE,02/07/2017 05:59,04/07/2017 17:23,09/07/2017
ZA-00003717,ZAC0019053,30/06/2017 19:58,COMPLETE,01/07/2017 21:06,09/07/2017 11:50,05/07/2017
ZA-00003718,ZAC0005870,30/06/2017 22:19,COMPLETE,01/07/2017 14:40,08/07/2017 00:17,05/07/2017
ZA-00003719,ZAC0013072,30/06/2017 20:16,COMPLETE,06/07/2017 18:58,12/07/2017 06:43,10/07/2017
ZA-00003720,ZAC0011895,30/06/2017 18:30,COMPLETE,02/07/2017 02:02,11/07/2017 12:23,06/07/2017
ZA-00003721,ZAC0020866,30/06/2017 13:08,DISPATCHED,02/07/2017 14:20,,06/07/2017
ZA-00003722,ZAC0022039,30/06/2017 14:17,RETURNED,01/07/2017 17:15,05/07/2017 23:58,08/07/2017
ZA-00003723,ZAC0018307,30/06/2017 19:27,COMPLETE,01/07/2017 17:47,03/07/2017 14:30,04/07/2017
ZA-00003724,ZAC0001513,30/06/2017 06:02,COMPLETE,05/07/2017 07:16,06/07/2017 18:27,08/07/2017
ZA-00003725,ZAC0002934,30/06/2017 07:22,COMPLETE,01/07/2017 02:18,05/07/2017 07:11,05/07/2017
ZA-00003726,ZAC0008089,30/06/2017 07:38,COMPLETE,02/07/2017 17:39,13/07/2017 12:10,06/07/2017
ZA-00003727,ZAC0006300,30/06/2017 16:49,DISPATCHED,02/07/2017 07:08,,12/07/2017
ZA-00003728,ZAC0001574,30/06/2017 08:10,CANCELLED,,,
ZA-00003729,ZAC0001742,30/06/2017 16:51,COMPLETE,04/07/2017 06:02,07/07/2017 15:52,08/07/2017
ZA-00003730,ZAC0020598,30/06/2017 18:14,COMPLETE,06/07/2017 21:19,09/07/2017 03:34,09/07/2017
ZA-00003731,ZAC0013815,30/06/2017 06:20,DISPATCHED,01/07/2017 05:12,,05/07/2017
ZA-00003732,ZAC0015622,30/06/2017 10:03,CANCELLED,,,
ZA-00003733,ZAC0005172,30/06/2017 06:15,COMPLETE,03/07/2017 01:41,05/07/2017 09:48,10/07/2017
ZA-00003734,ZAC0009578,30/06/2017 22:06,COMPLETE,01/07/2017 05:25,06/07/2017 17:30,04/07/2017
ZA-00003735,ZAC0016653,30/06/2017 14:02,COMPLETE,01/07/2017 11:05,08/07/2017 16:38,05/07/2017
ZA-00003736,ZAC0009918,30/06/2017 22:54,COMPLETE,01/07/2017 04:47,03/07/2017 08:36,06/07/2017
ZA-00003737,ZAC0001504,30/06/2017 20:42,COMPLETE,06/07/2017 08:37,11/07/2017 07:52,10/07/2017
ZA-00003738,ZAC0020337,30/06/2017 17:28,COMPLETE,02/07/2017 01:53,08/07/2017 03:48,09/07/2017
ZA-00003739,ZAC0014909,30/06/2017 22:53,COMPLETE,07/07/2017 14:15,14/07/2017 14:08,12/07/2017
ZA-00003740,ZAC0010698,30/06/2017 18:00,COMPLETE,01/07/2017 01:45,03/07/2017 02:30,05/07/2017
ZA-00003741,ZAC0014589,30/06/2017 07:24,COMPLETE,03/07/2017 01:01,04/07/2017 15:20,08/07/2017
ZA-00003742,ZAC0010935,30/06/2017 10:51,COMPLETE,02/07/2017 05:51,12/07/2017 02:06,06/07/2017
ZA-00003743,ZAC0014270,30/06/2017 06:48,COMPLETE,30/06/2017 20:44,04/07/2017 01:34,04/07/2017
ZA-00003744,ZAC0020990,30/06/2017 08:49,COMPLETE,02/07/2017 05:23,05/07/2017 14:11,06/07/2017
ZA-00003745,ZAC0020500,30/06/2017 22:40,COMPLETE,01/07/2017 15:10,05/07/2017 06:28,05/07/2017
ZA-00003746,ZAC0023869,30/06/2017 12:12,COMPLETE,03/07/2017 02:31,05/07/2017 17:31,06/07/2017
ZA-00003747,ZAC0021999,30/06/2017 22:23,COMPLETE,01/07/2017 06:51,06/07/2017 23:44,06/07/2017
ZA-00003748,ZAC0014459,30/06/2017 18:10,COMPLETE,08/07/2017 19:46,10/07/2017 09:34,15/07/2017
ZA-00003749,ZAC0002351,30/06/2017 14:50,COMPLETE,01/07/2017 20:11,04/07/2017 11:37,05/07/2017
ZA-00003750,ZAC0015421,30/06/2017 19:54,COMPLETE,01/07/2017 08:31,05/07/2017 01:38,04/07/2017
ZA-00003751,ZAC0014332,30/06/2017 06:10,COMPLETE,03/07/2017 20:53,07/07/2017 06:20,08/07/2017
ZA-00003752,ZAC0019004,30/06/2017 20:00,COMPLETE,01/07/2017 21:44,03/07/2017 05:57,04/07/2017
ZA-00003753,ZAC0018776,30/06/2017 13:51,COMPLETE,01/07/2017 19:48,02/07/2017 08:19,08/07/2017
ZA-00003754,ZAC0005340,30/06/2017 06:59,COMPLETE,05/07/2017 11:33,07/07/2017 06:09,15/07/2017
